120.6337,118.1117,121.3521,122.8389,122.0235,120.4053,121.1886,121.1807,0,0,0,0,0,0,119.3202,120.4406,119.6242,119.0743,120.7742,120.1189,120.6793,119.8233,120.5275,120.5596,120.8547,120.121,122.206,121.2288,121.8423,121.9301,123.221,123.4689,122.9921
119.0534,120.2929,120.0216,119.6815,120.0044,119.8123,118.694,118.8505,0,0,0,0,0,0,117.8982,118.5766,118.255,117.5843,119.5103,118.9348,119.7173,119.6547,118.8315,117.5983,115.2978,118.992,119.5131,119.6193,118.4757,120.1681,120.5627,120.3165,118.9394
118.6476,119.1407,120.1773,115.3615,115.327,119.0966,116.4003,119.2262,0,0,0,0,0,0,116.8758,117.717,118.2948,118.0255,118.9447,118.9993,118.9956,118.6915,118.7032,117.4375,115.7042,118.9065,118.6662,119.064,119.3338,116.9685,116.7997,119.7343,118.4994
118.3898,119.4887,118.5125,117.4471,116.4863,118.8381,119.1242,119.9837,0,0,0,0,0,0,118.1756,118.0942,117.4558,117.9604,117.9023,118.308,118.6043,118.0569,118.6495,118.5588,115.4585,118.9117,117.443,118.7831,118.5729,116.5865,117.3321,119.8043,118.8907
118.5935,119.2157,118.6622,114.9953,119.1931,118.6172,118.6189,120.0694,0,0,0,0,0,0,118.1719,117.137,118.1356,116.8382,118.9408,118.8466,118.4706,118.6202,118.4867,116.2741,119.3618,117.5447,118.3483,117.4394,118.718,116.7786,116.9789,118.8567,119.6897
118.1392,119.1371,119.5733,116.7478,115.122,119.3011,118.4234,119.9104,0,0,0,0,0,0,117.6853,117.0036,118.1056,117.2153,118.3464,119.103,119.0699,117.2087,118.1895,117.3041,117.68,118.4986,117.1165,117.3743,117.4482,116.8126,116.4,119.4916,118.4264
117.8994,118.2172,119.896,114.1694,115.1959,119.7534,118.4067,118.9926,0,0,0,0,0,0,117.5313,116.9209,117.5,116.2922,116.213,115.7385,118.5477,117.3654,118.7634,117.0767,118.5299,119.7306,118.0276,118.321,117.4497,115.923,116.8849,118.7675,118.9327
117.9151,118.6063,118.7236,117.7398,115.6312,117.948,117.7174,116.9698,0,0,0,0,0,0,117.3208,116.4513,116.2198,115.9987,116.4324,116.08,118.1134,117.3889,118.2772,117.0342,117.4006,119.691,117.2353,116.2044,117.2316,115.2291,119.2835,118.8775,115.6989
118.5823,119.2959,118.8481,116.188,116.3612,117.5742,116.7256,117.2917,0,0,0,0,0,0,116.5193,117.5048,115.6875,115.7794,116.1447,115.9194,117.5497,117.8608,116.337,116.4964,114.6372,117.21,117.3844,118.5794,118.7001,119.117,118.7548,119.3805,118.8818
118.6971,118.823,118.9463,118.8161,119.2578,118.9494,118.2929,119.6295,0,0,0,0,0,0,117.5469,118.3299,117.5341,117.8541,117.8736,117.8279,118.6583,118.1817,119.3477,118.6223,118.3361,117.1267,117.4439,118.309,119.6291,117.2126,120.256,118.8526,118.6104
118.9125,118.4374,118.1126,118.8155,118.9976,118.5954,118.7266,118.3594,0,0,0,0,0,0,117.1513,116.6355,117.3771,118.0067,117.7288,117.5357,119.1764,119.3231,120.4782,115.1601,118.6338,117.8804,119.0947,119.8808,119.0838,117.6003,120.5143,119.3762,119.4685
118.7243,119.0122,118.5237,117.1649,114.6565,118.646,118.3206,116.8593,0,0,0,0,0,0,117.2199,117.7799,117.959,117.7339,118.775,118.4134,118.5815,118.0845,120.4942,118.097,118.5428,118.9712,118.6098,118.9212,119.0692,117.3391,120.4485,120.0344,117.776
118.4772,119.5081,119.2928,118.4228,118.5939,119.0732,118.5704,118.4785,0,0,0,0,0,0,117.4036,117.6834,117.2873,117.9756,117.671,118.2898,118.5845,118.9616,119.1536,117.4933,118.6829,118.5794,117.8609,119.1049,119.2676,117.5921,121.1323,121.4409,118.4067
118.1404,118.7778,117.0688,118.0039,118.5315,118.8458,119.2296,118.6117,0,0,0,0,0,0,117.3644,117.5882,117.61,116.9018,117.9788,118.4607,119.0393,119.1593,116.8952,117.012,116.3762,118.4401,118.0864,118.9398,117.8775,116.43,119.9933,118.8576,119.0647
118.5984,118.7796,119.2365,119.4684,119.5869,118.6274,118.2345,118.6343,0,0,0,0,0,0,117.1175,118.0168,117.5856,116.9924,117.9732,117.8756,118.9636,118.7406,117.6022,117.1387,118.5987,119.0604,117.161,119.5617,119.153,116.1078,119.696,119.1795,115.6034
118.5351,118.1605,118.4583,117.202,116.9314,118.9589,118.8059,118.4406,0,0,0,0,0,0,116.4811,116.695,117.0507,117.6189,118.218,117.5871,119.5694,118.4449,118.2397,116.1003,116.8691,118.575,117.2181,119.0843,117.8551,116.127,119.7489,119.9324,118.5656
117.7584,118.5759,119.3359,118.9685,115.9558,119.1193,119.6749,119.0359,0,0,0,0,0,0,115.7551,117.1316,116.7236,117.7673,118.1412,118.2766,118.653,118.2442,118.296,117.441,117.6138,118.8273,118.6103,118.4355,120.0823,119.2064,119.447,118.4918,119.4803
117.6085,118.8479,118.888,116.7093,118.4265,118.9719,117.471,119.5051,0,0,0,0,0,0,116.8153,117.2659,116.1784,115.894,117.4075,117.3819,118.6259,118.4295,118.4132,118.3818,118.1903,117.6497,118.8798,118.7707,117.5167,120.1064,119.8841,119.0366,119.5055
118.0691,118.5607,118.5092,117.3672,118.4119,119.3293,118.034,118.5125,0,0,0,0,0,0,117.6484,116.9702,116.3549,116.9572,117.2141,117.6339,118.2,118.5412,119.5987,118.268,117.4818,118.0304,117.4308,119.3698,117.7964,116.3765,119.8333,118.6487,118.1259
118.4708,118.3839,119.0091,115.3841,115.7812,119.4821,118.6395,118.7749,0,0,0,0,0,0,116.4564,117.4346,116.9105,117.3167,117.3627,117.1412,117.5655,118.6036,117.0879,116.8014,118.2024,118.8668,117.6516,118.7142,118.329,119.719,119.3039,118.9525,118.0898
118.3675,118.7469,118.5866,118.2249,118.6213,118.7681,117.1165,119.2399,0,0,0,0,0,0,115.9804,117.6795,116.3663,117.1861,117.313,117.3574,118.3439,117.4522,117.8243,117.5521,118.6932,118.4417,116.2046,118.7683,118.9495,116.021,118.9394,114.7178,118.1247
119.1642,118.51,119.1787,116.6716,118.6311,118.5116,117.6442,119.5052,0,0,0,0,0,0,115.6439,118.7629,116.9159,117.8724,117.3423,117.2235,117.5425,117.6798,117.451,113.6808,111.8367,118.5524,115.7814,117.7794,117.2722,117.1702,119.7705,119.416,117.6508
116.2644,117.43,118.3303,117.5168,115.9605,116.3191,117.0658,119.0223,0,0,0,0,0,0,114.0892,116.7701,116.3701,117.3228,115.9557,116.7685,115.9321,116.1894,116.506,114.5755,116.7587,116.836,115.7386,117.5615,119.05,116.8601,117.788,117.0701,116.6003
116.2139,116.4632,117.3609,117.0733,118.1186,117.2443,117.2969,117.816,0,0,0,0,0,0,113.5459,116.3431,116.8109,116.1107,116.4435,116.4912,116.68,116.9344,115.2743,115.1816,116.0549,117.73,116.9671,118.7652,118.5402,114.5457,118.3669,118.0069,116.6478
118.2851,117.2806,117.6558,118.3045,117.9404,118.0501,115.3173,117.4769,0,0,0,0,0,0,115.3543,117.4222,116.7598,117.2039,116.9013,117.7369,117.5965,118.0404,116.9619,115.9413,113.6389,118.0504,115.4762,118.5689,118.4573,118.2299,117.6869,118.3632,117.8638
118.3359,118.4057,117.2231,116.313,117.1524,116.4276,115.5312,115.906,0,0,0,0,0,0,115.6507,116.5283,116.9118,117.9635,116.9037,117.0957,116.3853,117.1429,116.6057,115.981,116.6429,116.2432,116.6722,116.6305,115.8876,119.3184,115.7934,117.5714,116.2769
118.3439,118.2254,118.3975,119.0911,117.4962,117.8542,116.4179,116.8793,0,0,0,0,0,0,115.2636,117.3946,116.3218,117.4908,116.8814,117.8964,118.3267,118.1553,117.349,116.6086,115.0217,116.7681,116.6645,118.4559,117.3221,115.6551,118.8434,117.9607,118.5662
117.7467,117.6801,118.655,116.0917,114.5201,118.2579,115.8796,117.8479,0,0,0,0,0,0,114.7569,116.5691,116.6677,116.4647,118.1516,117.525,117.8721,118.8301,117.4705,116.1339,115.6672,118.3653,118.5216,118.3921,119.3639,115.2903,115.3433,117.3583,118.8979
117.9429,117.6943,118.9035,114.1204,114.4041,118.1515,116.2648,118.3143,0,0,0,0,0,0,114.5224,115.8726,115.9131,115.8254,117.1917,117.1874,118.5489,117.3157,118.0481,113.8802,115.6956,117.8985,117.1175,117.1868,119.0058,115.721,119.3992,117.7168,117.7958
117.5808,118.0006,118.6351,117.6315,114.5308,117.8849,115.1087,117.7787,0,0,0,0,0,0,114.9675,116.3307,115.7975,116.5453,117.4047,117.0152,117.7803,116.9383,117.1976,116.9466,113.7977,118.1524,116.7637,117.2182,117.5864,119.6229,115.8008,118.2391,116.9752
117.5666,117.6517,116.8123,116.2747,117.7375,117.8532,114.7905,115.2593,0,0,0,0,0,0,114.825,116.4445,115.7592,117.2088,117.7852,117.2299,117.954,117.3474,117.2423,116.85,117.4035,118.7364,117.4606,118.0924,116.8587,115.5357,115.735,118.2202,117.7956
117.3173,118.0357,117.002,113.521,116.7525,117.9769,115.3105,117.5582,0,0,0,0,0,0,114.3846,115.9061,116.8138,117.5032,117.7932,117.0295,117.618,118.537,117.9396,116.3253,117.1182,119.0826,117.0532,119.5121,118.2616,119.2095,115.3133,117.8641,118.3221
117.5131,117.899,116.5628,115.8539,114.1851,117.604,114.5473,117.8269,0,0,0,0,0,0,113.8652,115.5726,116.4522,116.6911,117.1865,116.0787,117.9106,117.3413,116.9236,115.3689,114.3525,118.193,116.6427,118.1069,117.4975,114.8735,112.997,118.0675,118.278
117.4661,118.1059,117.2903,116.683,113.9441,118.6601,115.5589,117.9164,0,0,0,0,0,0,115.2076,116.1429,116.0851,116.7208,117.8108,114.8969,117.7298,118.2282,117.0896,117.0386,116.6676,118.227,116.8075,119.0931,119.5015,115.0469,115.2363,117.4703,118.4728
117.5931,117.8819,116.434,115.4074,114.0962,118.6389,115.5587,114.9912,0,0,0,0,0,0,114.9695,115.5757,115.5962,116.9246,116.7669,117.2386,117.943,117.0274,116.914,113.7757,115.0563,116.8933,118.9818,118.1381,119.8176,115.137,113.3079,118.5587,117.6485
117.7111,117.953,116.5882,116.9123,113.9903,117.721,115.8401,117.4507,0,0,0,0,0,0,115.8863,116.1256,116.1467,116.6521,116.7018,116.6798,116.823,114.5768,114.2461,117.0512,117.2081,116.8911,117.9401,117.0307,117.2312,116.0542,115.9549,117.5926,118.3981
117.3121,118.7874,117.2357,116.4455,117.6669,117.2507,114.7786,117.1395,0,0,0,0,0,0,115.9795,116.5967,116.3265,116.8937,116.8371,116.5941,116.8489,117.3167,116.7913,116.9371,117.3253,117.4235,117.403,117.0362,118.381,115.0862,118.7234,118.0677,117.1401
117.5637,118.4796,119.2145,116.0504,116.9595,117.2484,115.1105,118.0404,0,0,0,0,0,0,115.5606,116.323,116.2976,116.5607,116.693,117.2936,117.8585,117.4504,117.1172,115.2883,117.4892,118.1199,116.6867,118.2454,118.7061,116.0448,115.0512,116.6455,118.4207
117.4006,117.9951,118.4282,117.1122,117.0711,117.6405,114.5215,117.2301,0,0,0,0,0,0,115.613,116.0847,115.8175,117.1718,115.6911,116.9398,118.2307,116.9091,116.6855,116.6919,116.2762,116.4481,116.0762,116.4265,117.3083,114.7567,114.9807,117.6764,118.1135
117.9887,117.2957,117.6595,116.046,113.6708,117.347,116.6065,114.4549,0,0,0,0,0,0,115.8663,116.3485,115.169,116.6437,117.3839,116.9463,116.1373,117.8852,116.4095,116.4404,117.1019,116.34,114.3951,116.9481,117.2115,115.2495,114.2551,116.9672,117.3111
117.0524,117.2991,118.0046,116.285,113.3209,117.0371,116.6097,116.805,0,0,0,0,0,0,115.6473,115.9758,116.3964,116.5463,117.7503,117.213,116.383,116.3522,116.2836,114.4394,113.7198,116.3507,114.9466,116.7435,117.3999,115.6715,114.0787,116.6899,118.0848
117.2633,118.2316,118.1505,116.4217,116.2671,116.5616,117.1219,116.806,0,0,0,0,0,0,115.6909,115.8914,116.3766,115.5419,116.5274,116.3495,117.2795,117.3035,115.8923,114.3117,114.0773,116.5882,115.5096,117.6427,119.398,115.3224,114.6027,114.4066,118.3144
117.3457,117.4114,117.6257,116.3996,113.6881,116.1319,115.9875,116.5849,0,0,0,0,0,0,115.1913,114.1154,116.3605,116.9347,115.8685,116.3316,116.9839,117.5775,116.1149,115.5833,116.3555,116.8957,115.3628,118.2189,116.5083,115.6695,115.3129,116.9726,119.3669
117.2093,117.4159,118.0026,116.4255,112.2306,116.3404,115.9797,116.5952,0,0,0,0,0,0,115.0565,115.5369,115.0754,115.3976,115.6717,115.6614,117.5188,117.3847,115.8097,114.2486,115.0104,117.5715,116.0988,118.697,118.6228,112.89,115.7085,117.7893,117.4891
117.57,117.5608,118.6717,116.7666,116.1604,116.2042,115.6608,116.1774,0,0,0,0,0,0,115.7529,115.1796,114.5305,114.7223,115.6497,115.8264,117.9036,116.9613,115.5025,112.9855,116.825,117.5857,116.7837,115.7701,116.0217,115.2932,114.7396,116.7312,116.9906
117.5785,117.1901,119.5741,117.716,113.5044,116.3701,115.4601,116.1137,0,0,0,0,0,0,115.8584,114.0547,114.0942,114.9201,116.1302,113.7978,118.6137,116.8749,115.5122,114.9311,117.0033,115.6559,115.1335,115.8488,118.0278,115.9644,115.5004,117.5906,117.0622
117.4759,117.2523,118.1491,115.3823,114.375,116.5056,115.8285,116.3187,0,0,0,0,0,0,115.6909,113.672,115.3971,113.7714,116.1001,116.1564,117.5333,117.531,114.3906,113.4678,115.1789,117.4374,114.9746,116.1712,116.9104,115.4092,116.124,117.9715,117.6889
117.7122,117.1283,117.6514,112.7393,112.4785,117.0334,116.0639,115.9383,0,0,0,0,0,0,115.3774,113.0089,114.8585,114.7554,117.5985,115.9471,117.7258,117.1737,116.2983,112.7761,117.5734,118.1042,116.8492,116.5407,116.7151,115.0896,115.1726,117.9518,115.2838
115.5351,114.3169,117.3333,114.8533,113.3904,116.4704,113.2083,116.2491,0,0,0,0,0,0,113.0662,113.201,115.6502,116.0018,116.2294,115.7342,114.9398,117.2748,115.4446,114.1616,114.758,115.7386,115.3633,118.0076,114.1907,116.7123,117.4798,119.3868,117.1387
117.7028,117.1068,116.8663,114.2762,112.0202,116.5611,116.5641,116.2416,0,0,0,0,0,0,115.5992,113.9681,114.4236,115.5436,114.2476,116.3501,117.305,116.7307,114.6834,116.8911,117.3797,116.2788,116.4733,117.0467,116.6495,115.4254,115.4841,117.9294,117.146
116.8823,117.5465,117.2617,115.4093,112.2689,116.6901,116.0196,116.5622,0,0,0,0,0,0,114.9517,114.1292,114.594,114.4984,116.5474,117.0755,117.9645,117.8973,115.529,112.1388,116.9497,117.7356,117.3136,117.4965,115.7645,115.7672,117.7799,117.7417,116.9832
117.0092,117.0552,117.4541,115.5326,112.9237,115.5008,116.0986,117.0053,0,0,0,0,0,0,115.1973,113.9149,113.6881,114.2334,117.1758,116.2298,117.7006,116.5299,116.3604,112.8063,116.7699,117.0443,114.9875,117.1519,116.3249,115.4654,115.4789,117.4572,117.8694
117.0381,116.5373,117.3137,116.0946,112.2287,115.8689,115.6628,115.431,0,0,0,0,0,0,115.1813,114.19,116.0208,115.0027,117.386,116.9826,117.4577,116.2188,115.3827,111.3991,116.8094,117.9001,115.0868,117.0121,116.332,114.3258,115.2037,117.1458,117.7457
116.7941,116.9782,116.4119,115.5551,112.5645,116.4383,115.1633,115.894,0,0,0,0,0,0,115.7687,114.1938,116.1367,114.5745,117.7819,116.526,117.1351,117.0869,115.1209,116.7085,115.2383,116.04,116.5196,118.2541,116.2431,115.0756,115.1913,118.2403,115.4115
116.6606,116.4546,115.4602,116.1983,113.1141,116.4314,116.2326,116.7147,0,0,0,0,0,0,115.7851,115.4142,115.4984,115.2149,116.8429,116.6213,116.9622,117.864,117.4853,114.4816,117.4189,117.0404,115.3316,116.929,116.5426,117.2967,115.3207,117.9765,117.783
117.1181,117.595,116.1641,116.289,112.4925,116.0849,116.559,116.1468,0,0,0,0,0,0,116.2243,114.1994,115.8801,114.5878,117.1207,117.4389,117.3992,116.5133,116.1892,112.6249,117.8314,117.4173,116.3878,118.2064,117.7688,115.047,115.4313,117.7726,118.4114
117.1963,117.3171,117.4953,112.8135,113.0528,116.3757,116.7115,116.5426,0,0,0,0,0,0,115.1588,114.3461,114.5192,114.9488,117.0985,116.7617,117.5201,116.9053,117.0324,115.4365,117.5533,116.8273,117.7796,117.9456,116.7452,118.8206,117.5045,118.0292,117.9261
117.6923,117.728,117.8534,115.8082,112.5288,116.3074,117.1197,116.3561,0,0,0,0,0,0,115.6089,114.4822,115.6259,114.8235,116.4057,117.0356,118.305,117.233,113.9675,112.9047,114.7449,116.041,116.2816,118.446,116.8779,115.3162,115.2689,118.7088,117.8025
116.9407,117.2912,118.2798,112.5301,113.0341,117.0645,115.8482,116.5424,0,0,0,0,0,0,115.8686,114.2016,115.4194,115.4906,116.4146,116.844,117.0901,117.5586,114.9058,116.8266,114.3271,118.9981,115.6941,118.4804,117.5538,109.5403,115.8378,118.2272,118.0552
116.7906,113.5536,118.3482,115.674,112.2428,117.7886,116.2124,116.332,0,0,0,0,0,0,116.2888,114.4495,115.4412,115.2146,115.7151,114.6377,116.5104,115.2204,116.6881,117.1587,116.6727,117.3653,118.1803,118.4598,116.2585,115.3175,115.6148,118.2983,116.7575
116.6827,117.2705,115.9861,115.6037,113.9716,117.1525,115.1435,115.9932,0,0,0,0,0,0,115.8654,114.3715,115.7462,114.9831,116.2477,113.7412,116.8603,116.439,116.5683,112.4284,115.5254,116.9388,112.9761,117.6908,118.4045,115.4942,114.7857,117.8505,119.1132
117.298,116.3785,116.7799,112.9036,110.2661,116.8869,115.7024,116.1305,0,0,0,0,0,0,115.2129,114.0856,115.9781,116.3351,113.8922,114.2962,116.4292,116.6593,112.7606,115.0225,117.179,116.6273,116.448,115.1023,116.525,114.8613,115.3142,117.7932,116.9468
117.2066,116.7795,116.6395,115.4518,112.9261,117.6973,115.8919,116.8019,0,0,0,0,0,0,114.7185,114.3903,114.6196,115.6412,116.3091,112.9205,114.6703,115.3448,116.2957,114.4715,113.4113,115.6685,115.6853,115.6102,115.8783,115.6695,115.8095,117.7794,117.4198
116.7768,117.3301,116.4893,115.2907,112.631,116.3051,116.9828,114.8287,0,0,0,0,0,0,115.0571,114.2024,115.6163,114.7165,114.4084,113.5193,117.6347,114.5583,114.9861,117.3495,116.9806,117.3517,115.9599,116.2725,116.7075,115.3929,117.4563,117.0889,117.3857
116.2403,116.6315,117.786,115.5221,110.0252,116.3141,115.7301,117.3296,0,0,0,0,0,0,115.473,114.1737,115.8303,114.8452,114.6164,113.7673,116.8412,116.8408,116.1466,113.1926,115.6705,115.5357,116.19,116.8183,116.7218,115.8187,115.2571,117.3836,116.8551
116.9421,116.9751,115.7522,116.2673,116.3414,116.0581,115.6651,116.2276,0,0,0,0,0,0,115.3129,114.7487,115.6752,114.1657,115.0105,114.0834,116.3057,115.0923,116.2831,113.4144,116.8177,117.2585,115.7223,116.2613,115.8919,115.5326,114.728,117.5085,116.861
116.4311,117.4668,117.1484,112.4849,111.8545,116.1161,116.4818,115.7165,0,0,0,0,0,0,114.8879,114.6265,114.9453,114.5854,112.9378,113.5272,116.5535,114.4495,117.0521,113.6332,117.3559,115.7666,116.4086,114.7177,116.1291,115.0826,115.2999,117.676,117.4627
116.3339,117.4548,115.7381,114.9049,112.7817,117.1506,115.5242,115.7809,0,0,0,0,0,0,113.873,114.5577,115.5842,113.8448,114.3428,113.496,116.8595,114.6355,117.0747,117.184,114.1346,117.4533,116.5184,117.9519,116.2183,114.7178,115.1583,116.861,116.8777
112.5788,116.8915,115.8219,114.773,113.1016,116.1718,115.8526,115.8313,0,0,0,0,0,0,115.2212,114.9766,114.5687,114.3312,113.9044,113.424,117.2023,115.4681,115.6939,117.0318,116.8513,116.4387,116.6475,115.9861,116.0086,115.0869,117.6044,117.6464,116.2332
116.3357,116.4322,116.3459,113.4441,112.6487,116.0993,115.7467,116.4731,0,0,0,0,0,0,114.9166,115.1296,116.2983,114.3315,113.1174,113.3993,116.0126,114.2606,115.6845,114.4335,114.2771,117.0795,116.2297,114.7994,115.6858,115.4347,115.2451,116.3941,116.8987
116.3427,115.9113,116.7171,114.2823,112.2699,115.2485,116.1197,116.8184,0,0,0,0,0,0,115.7696,113.6146,115.2007,114.5885,113.716,113.8979,116.1864,114.4211,116.0512,111.4444,113.2833,117.3605,115.0104,115.8783,117.7117,115.1193,114.7196,117.8368,115.9568
116.4945,115.9193,115.2771,114.5569,115.2357,115.5812,110.6474,113.5569,0,0,0,0,0,0,113.7343,114.893,114.3402,114.985,114.5639,114.1391,116.1432,116.789,115.9673,116.3206,117.1277,116.7787,115.3097,115.0532,116.4461,115.359,116.9731,115.9928,116.349
114.9572,114.7351,116.9776,114.8955,110.7268,114.1466,112.2646,115.5115,0,0,0,0,0,0,112.5502,115.5987,113.7219,113.5493,109.5252,113.9314,117.2252,114.7595,114.5468,113.7927,111.6199,115.218,115.279,114.5815,115.3483,114.5269,115.735,116.2624,115.5253
108.0616,114.9094,111.7448,113.5127,113.842,114.0124,114.2434,115.412,0,0,0,0,0,0,112.4465,114.5134,113.5933,112.1069,113.4494,114.8702,115.9682,115.0296,114.0488,110.6251,112.2934,114.6994,113.1156,113.8257,116.8056,114.1678,114.6739,115.4895,115.4039
116.2277,115.4265,115.1764,114.6556,116.0028,114.3754,116.4694,112.2838,0,0,0,0,0,0,114.1607,113.6425,114.2661,114.0377,114.0654,114.5737,115.0722,111.651,116.6664,114.7742,114.8782,116.4022,116.3409,115.2814,116.1202,115.1523,117.1666,114.2051,116.1466
116.1275,116.0221,114.1034,114.1596,114.4424,114.396,115.4887,116.178,0,0,0,0,0,0,113.4925,114.2694,112.5713,114.5406,114.4244,107.1199,117.1729,115.6351,114.9953,115.2227,113.5086,115.3865,115.3618,114.1866,116.428,116.8393,114.5416,115.5933,117.5902
111.5544,115.8876,116.2621,112.8374,114.2796,114.4091,115.4962,115.8308,0,0,0,0,0,0,113.9151,114.5952,113.5035,114.2561,113.8056,113.486,114.5355,115.7516,117.0364,117.3606,113.009,115.7434,115.6975,115.0984,116.5722,114.126,115.0857,117.4202,116.9584
116.905,115.6725,116.3258,114.4822,111.8482,115.2981,115.5419,115.5118,0,0,0,0,0,0,114.7787,115.7024,115.1365,115.0513,114.536,115.7173,115.9535,116.1332,115.9597,117.8098,116.1384,116.1384,116.0044,116.1337,116.8471,114.8849,114.4113,117.0293,117.3308
115.7007,115.5938,115.9255,115.344,113.4256,115.2113,112.2565,113.1236,0,0,0,0,0,0,113.0134,113.7243,114.1711,114.7206,113.96,115.8295,116.2219,118.7525,115.7725,111.4116,115.4146,117.1684,116.1559,115.3141,117.2016,115.2695,117.1306,117.6281,117.7772
116.3365,115.7795,115.7108,113.889,111.804,115.371,114.7191,115.3531,0,0,0,0,0,0,114.8211,113.1175,113.7696,115.8662,114.7692,114.3024,115.8457,115.7818,114.6561,115.3803,112.9872,115.1805,116.6006,116.0056,116.3129,114.9793,115.2984,117.7503,116.7174
116.7445,116.3732,116.5034,115.5954,115.9362,115.4879,113.801,115.6026,0,0,0,0,0,0,115.5481,114.3305,113.5554,113.6044,114.5488,116.1921,115.5451,110.5187,116.1358,112.4784,113.0852,115.4702,114.6987,116.2259,116.632,113.9806,116.4303,117.4865,117.034
116.7368,116.7914,115.5812,112.7382,112.2198,116.0094,114.5513,110.8984,0,0,0,0,0,0,114.2854,114.1638,113.511,114.3374,116.3487,115.418,115.8632,116.4828,115.3516,112.4839,115.5351,115.8572,115.0389,115.4834,115.5675,115.1968,114.1182,115.7175,117.2897
115.8987,115.6918,115.843,116.0579,115.0456,115.1827,115.0376,114.3017,0,0,0,0,0,0,114.8605,113.5899,113.7871,114.8618,114.6992,113.9819,115.9534,115.1054,114.9491,114.8193,114.3298,115.3705,115.7578,115.3369,117.2126,114.6745,114.8912,116.076,116.127
116.0167,114.8931,115.0043,110.1864,115.8679,115.3943,113.3323,114.1514,0,0,0,0,0,0,113.3655,114.594,112.838,114.5967,113.9653,114.1706,114.7485,116.0159,113.7001,116.1631,117.6902,116.1944,114.4913,116.2884,116.093,115.1681,114.846,116.8623,116.4618
116.794,114.904,112.1542,115.0805,115.5067,114.6848,113.7752,113.7807,0,0,0,0,0,0,114.2201,115.8972,114.0457,114.57,113.0755,114.2989,116.0045,117.2507,116.9385,112.6437,115.606,116.7637,115.065,115.7506,116.0066,113.9747,114.2993,118.0431,117.056
116.1928,115.4732,116.8874,114.5572,115.6156,111.8387,113.7153,116.3549,0,0,0,0,0,0,114.4315,114.7333,114.6516,114.9909,113.8744,114.3918,115.5476,116.4855,117.562,115.1383,117.4722,116.4818,116.4286,114.9184,115.5115,115.329,116.0192,117.2639,117.4611
115.3789,115.3796,114.451,115.1279,112.2441,114.8152,109.6165,115.0738,0,0,0,0,0,0,113.8966,114.4369,115.0969,113.5653,113.6822,113.9721,116.5815,116.3816,118.0374,116.6306,116.7911,115.3625,115.2159,116.4158,116.0011,114.5467,114.3171,117.23,117.862
115.3013,114.2163,114.3559,113.3057,115.0339,113.8537,114.8545,113.909,0,0,0,0,0,0,114.9359,113.6795,113.4443,116.1189,113.5426,114.868,115.6996,114.9951,117.867,116.488,116.1228,114.9559,115.4616,115.4513,116.6398,114.9163,114.6201,116.8424,117.2576
115.7648,111.5991,116.4573,115.3768,110.3878,113.9304,115.2674,115.9593,0,0,0,0,0,0,115.2629,113.4336,114.7824,116.4483,114.2085,113.1781,116.981,115.1525,114.2231,112.9421,114.6552,115.2637,113.8697,116.0282,117.1102,112.1991,117.8961,117.1077,118.3023
115.6221,115.6177,116.3986,114.5166,114.1929,114.1383,113.724,114.7635,0,0,0,0,0,0,115.126,114.3019,113.4643,115.3756,113.7337,113.0789,116.7633,115.3077,113.1644,113.4372,115.5771,115.1679,116.4057,115.9942,115.8365,116.4894,114.8449,117.36,116.1759
115.2186,115.4851,114.3127,115.2874,111.8664,114.5717,113.734,116.0742,0,0,0,0,0,0,113.9534,116.9323,113.7633,111.3831,115.9206,113.0776,114.4177,115.0699,116.2118,115.077,112.4871,116.8572,115.7986,116.9861,116.04,114.4847,114.3497,117.1765,115.4028
116.0337,115.8092,114.8856,114.3279,111.5167,113.8033,113.9141,114.5764,0,0,0,0,0,0,113.0773,114.1962,114.1252,114.5377,113.7647,114.5971,115.026,116.3834,115.8178,113.2054,115.7473,114.359,115.9326,115.0353,115.2236,114.5207,114.1672,116.6391,116.5902
115.7364,115.1207,115.8612,115.999,115.1809,114.9332,113.5059,113.9012,0,0,0,0,0,0,114.0738,113.8546,114.1245,114.8819,113.4098,114.2407,114.9979,116.2231,116.6918,117.4578,115.4758,115.4411,116.0332,115.6002,115.9635,114.4639,114.9058,116.2095,117.3072
116.0551,116.4012,116.1731,115.0204,112.2399,115.0866,111.8461,113.9858,0,0,0,0,0,0,113.9558,114.04,115.5823,114.5044,113.7481,115.0268,114.6689,115.2301,115.3353,113.0547,112.6429,115.567,115.4263,116.2429,116.245,114.2292,114.1383,116.8869,117.1447
115.9879,116.3837,115.9566,115.4639,111.8464,115.4767,113.2783,113.7926,0,0,0,0,0,0,112.8606,113.7507,114.2362,113.8024,114.2233,111.5502,115.928,115.2191,114.5472,116.2125,113.2278,115.471,117.2065,115.6144,116.1402,114.0581,114.729,116.5381,116.7601
116.2276,116.9783,116.0266,116.6025,111.6553,114.6186,113.1149,113.243,0,0,0,0,0,0,114.442,109.628,113.5093,114.7266,114.707,109.4755,116.2034,115.9975,115.0135,113.9213,113.1997,115.5421,117.5313,115.5388,116.38,116.2313,114.8901,116.6001,115.9196
116.22,116.5205,115.6184,116.7895,113.3722,115.2763,113.5855,114.9364,0,0,0,0,0,0,114.7801,111.6456,113.7694,114.2065,109.9685,116.1818,116.3205,116.3762,116.1838,115.1344,113.2433,116.4836,117.015,116.0058,116.5928,114.0348,114.8115,117.3269,117.5367
115.7439,116.1573,117.0396,113.7459,112.2794,116.2899,110.7958,113.3455,0,0,0,0,0,0,115.1521,114.2868,113.1386,113.7325,114.8868,114.9172,116.7496,115.2985,115.0376,113.0406,114.4223,116.0632,116.851,115.1027,116.582,114.5495,114.225,115.748,116.0557
111.6243,114.2692,117.5199,116.6602,116.5778,116.9545,111.4149,114.9684,0,0,0,0,0,0,113.246,112.9536,114.9048,115.0282,116.4427,114.7676,115.9679,115.2985,115.0376,113.0406,116.0349,114.768,115.909,117.7339,116.582,114.5495,114.225,115.748,116.0557
116.3249,115.6985,117.0696,116.8427,115.7364,115.681,115.6741,112.6579,0,0,0,0,0,0,116.3036,115.5994,115.6044,116.0989,118.225,117.4891,117.6744,0,0,0,117.3062,116.8686,117.5898,118.114,0,0,0,0,0
115.799,117.3164,116.8211,116.7653,115.2972,115.9783,115.1673,116.0441,117.6833,118.1189,117.8608,117.3094,117.5076,113.2277,115.8591,115.4685,115.1718,116.7032,117.8103,114.4533,118.1473,0,0,0,117.0059,117.9501,118.1501,117.9009,0,0,0,0,0
117.176,116.7008,116.989,116.7603,116.3746,116.3822,116.4467,116.1916,114.8513,115.3983,117.2594,116.6328,115.3751,113.8086,115.9143,115.17,116.214,117.3312,116.3755,117.7138,118.6392,0,0,0,117.5851,117.6244,118.3106,118.0496,0,0,0,0,0
117.2078,116.5257,117.5899,116.5488,116.3505,116.7285,114.1521,116.6037,115.4598,115.7591,115.9301,113.8429,114.5026,113.1148,115.8643,116.0738,116.0822,114.4263,116.7307,117.5007,117.4162,0,0,0,117.1851,117.5797,116.25,118.0899,0,0,0,0,0
116.2019,117.0529,116.9914,116.8665,115.5125,116.9943,115.8913,113.3435,115.1417,115.6909,114.7642,112.6499,113.3196,111.6865,115.8866,116.1226,116.0723,116.6839,115.3676,116.5159,117.2971,0,0,0,117.123,117.5469,117.4078,117.366,0,0,0,0,0
116.7747,116.3798,116.5045,116.6805,116.1621,116.7504,117.3745,113.7515,115.6459,116.199,116.0152,115.9204,114.2877,114.6222,115.9103,115.0284,114.9078,116.0146,117.2438,117.0898,117.0381,0,0,0,117.2642,116.908,117.4066,117.8707,0,0,0,0,0
116.2811,116.9909,117.3925,114.7482,116.376,117.924,116.4619,113.7577,111.9078,116.8285,115.2339,117.0446,114.9119,114.0129,116.9319,114.0691,115.7161,115.9742,116.556,115.4918,117.1977,0,0,0,116.8378,115.4047,116.8393,117.8001,0,0,0,0,0
116.013,114.4806,117.2904,116.6515,114.1802,117.6018,117.0775,116.6219,115.518,116.0264,114.1849,114.1364,115.7264,114.5899,116.1239,116.4453,114.9169,117.0715,116.5614,117.0418,118.1941,0,0,0,116.4952,116.1235,116.9359,117.1472,0,0,0,0,0
116.0605,117.2685,116.4941,116.5646,116.664,115.216,116.4558,116.0405,113.5976,113.806,114.8887,117.2091,114.483,113.7918,114.439,115.6346,115.4683,116.2453,117.1475,116.7705,117.3672,0,0,0,116.2506,115.6976,116.6912,117.6028,0,0,0,0,0
117.129,115.9921,116.2888,116.5562,116.452,116.9145,117.1002,115.4604,115.6689,116.6521,115.1091,115.6419,114.0176,115.081,116.4447,116.4572,115.4825,116.5216,117.3833,116.4288,114.4788,0,0,0,116.7612,117.012,115.2798,117.476,0,0,0,0,0
112.8383,116.9474,116.7553,116.0947,116.599,117.4744,117.4976,116.8485,115.684,115.0073,114.6504,112.5762,115.4991,114.064,115.4055,115.9224,114.5894,116.4054,117.6986,116.5294,117.4456,0,0,0,116.8613,117.6366,116.8826,117.0629,0,0,0,0,0
116.6712,116.6929,116.9438,116.959,116.8445,116.5956,116.1237,116.1292,115.9456,115.4423,115.5771,116.5804,115.3904,115.5789,115.7026,116.1821,116.0808,116.0104,116.8829,116.0807,117.3447,0,0,0,116.9382,116.8979,116.9056,116.5526,0,0,0,0,0
114.9699,118.2018,117.648,114.0453,118.2761,117.4638,116.1757,116.8537,116.1385,114.8428,116.6889,114.0679,114.3139,114.9438,116.0131,115.8214,114.2626,117.0763,117.2563,116.4604,117.7916,0,0,0,117.2125,117.6645,118.0441,116.9078,0,0,0,0,0
116.7853,117.0359,117.0469,117.2471,116.8799,117.5247,117.2864,117.2754,116.6285,116.4063,116.0936,114.9296,115.7617,114.2919,116.3171,115.8038,115.6615,115.0315,117.6542,117.3726,118.2277,0,0,0,117.2879,117.0724,117.6348,116.9009,0,0,0,0,0
117.1956,116.7162,117.1575,116.3433,117.2097,117.4794,116.8423,115.9683,115.5778,115.8899,116.1749,115.9002,114.8564,114.8722,116.9568,116.3722,115.9524,116.4181,116.7985,117.1947,115.0195,0,0,0,116.777,117.3408,117.6003,117.4777,0,0,0,0,0
116.6103,116.1357,116.8712,115.851,116.4364,117.375,116.808,115.9725,116.3555,116.5553,116.8258,115.6842,115.6872,115.428,116.9631,116.8319,116.2713,117.1093,117.1411,116.5879,118.0017,0,0,0,118.3324,117.9471,116.5081,117.0899,0,0,0,0,0
116.3206,116.5433,116.0438,117.1484,117.3994,118.158,117.8701,117.4298,115.9628,116.3,116.5763,115.1336,114.9314,115.1603,115.7305,116.6249,116.5312,117.9371,117.0228,116.5599,118.2074,0,0,0,117.765,117.7755,117.8858,117.1706,0,0,0,0,0
117.6988,116.8123,114.6988,116.7605,117.7219,117.3831,117.5308,114.8549,116.7154,116.032,116.6527,114.6454,116.1339,115.7344,116.501,116.634,116.6793,117.7487,117.405,117.862,116.2705,0,0,0,117.4551,117.214,118.0778,117.3638,0,0,0,0,0
117.4252,117.4038,116.4602,117.162,117.2491,117.8567,117.5413,116.8312,117.1965,117.0197,116.9481,116.0438,114.6555,116.0756,116.4998,117.458,115.9046,117.3497,117.5085,117.0444,119.0141,0,0,0,116.9812,117.4448,118.0037,117.4872,0,0,0,0,0
115.1829,118.1517,116.2111,115.9728,117.1075,117.8517,117.7389,117.1986,116.8214,116.5477,117.3321,115.3486,118.019,115.6695,116.7035,116.73,117.4711,117.3264,117.501,117.1235,118.7088,0,0,0,117.6955,117.3189,117.5661,117.5049,0,0,0,0,0
117.6246,117.244,117.5219,117.1971,117.1001,117.5165,117.1367,117.5906,116.7517,116.6688,116.7304,117.2983,114.7501,115.8761,116.914,117.5852,117.2815,116.5366,117.1562,117.0269,117.8314,0,0,0,117.6584,116.7042,115.9554,117.4311,0,0,0,0,0
117.632,116.6928,116.4676,115.0166,117.3677,117.7123,117.7426,117.4806,117.1653,117.1252,117.3572,115.1388,116.2825,115.1426,117.2311,117.2491,117.9194,116.9899,118.0167,117.1521,117.8383,0,0,0,117.2522,117.9421,117.2577,117.5508,0,0,0,0,0
110.438,116.847,116.6791,117.4176,117.0921,118.2645,117.7473,117.4533,116.885,116.5128,117.1952,115.2641,115.8062,116.3733,117.2173,117.5946,116.9165,116.9347,117.7262,116.8275,118.0108,0,0,0,117.9429,117.8522,117.6077,117.4109,0,0,0,0,0
112.5482,116.4308,116.7705,117.046,117.5032,117.0127,115.8285,118.3648,117.8391,116.8859,117.3613,113.5385,114.0945,113.9866,115.8001,117.1093,116.5053,116.4285,115.918,116.2988,116.9458,0,0,0,118.3947,117.8521,117.0896,117.6855,0,0,0,0,0
117.5401,116.9541,116.7952,116.2799,115.6615,116.8538,117.0122,116.4948,117.1129,117.0074,115.758,114.121,114.1369,115.14,115.2889,116.344,115.6988,117.2581,116.1459,115.883,117.3797,0,0,0,116.4175,114.8163,116.2498,116.6241,0,0,0,0,0
118.0146,112.2363,115.8913,115.8342,117.9761,117.9286,117.7966,116.6873,116.7407,116.9395,117.9691,115.876,116.5875,115.7675,116.5951,114.4993,116.0222,115.9176,116.3942,117.4105,118.6984,118.0298,120.6606,119.9416,116.6162,117.7761,116.5848,117.7529,0,0,0,0,0
116.7111,116.0452,117.6775,114.1501,115.1507,117.6075,118.0582,116.9581,117.4335,116.1262,117.3129,116.0205,114.9157,115.5605,114.8558,116.9051,116.0028,117.6211,117.8742,115.3877,115.5842,117.9408,117.9193,119.6174,117.3512,117.4107,117.0576,116.1493,0,0,0,0,0
116.3289,116.5268,117.0841,117.3726,116.2306,118.1812,117.9506,116.4929,117.0965,115.9773,116.8686,115.6891,116.6443,115.3878,117.099,116.3503,116.5654,117.634,117.0346,113.6994,117.2788,117.3652,117.2491,117.9109,118.3172,118.0574,117.5917,118.0745,0,0,0,0,0
116.5157,116.949,116.4776,116.8495,117.8047,117.929,118.1205,117.4978,116.2976,116.9076,117.2783,115.8764,116.9774,116.2687,117.4129,117.6016,116.6912,117.8555,117.3438,116.8993,118.1226,117.1593,117.9024,115.7033,117.5402,118.4755,115.9481,118.1973,0,0,0,0,0
117.2849,117.6979,117.8287,115.8512,118.1045,118.3443,117.6218,117.3197,117.2557,116.4063,117.1494,115.8627,116.499,115.9799,117.2026,117.2668,117.4678,118.3589,117.666,116.9858,117.1477,118.7935,118.8967,117.056,118.226,117.4289,117.6852,117.2378,0,0,0,0,0
117.9592,118.0802,117.0821,116.9658,116.9496,117.8973,117.4103,117.7743,117.1222,116.966,118.4435,115.4653,116.4179,116.4744,117.6068,118.1317,117.1591,117.6545,117.6229,117.4876,116.152,118.1565,118.4431,117.5289,117.5055,117.5237,117.5666,117.867,0,0,0,0,0
118.2081,117.8522,119.2856,115.365,117.6728,118.2803,118.1622,115.8412,116.5567,117.7301,117.2769,115.3998,115.4247,116.2515,117.0981,118.2059,117.3291,116.5285,116.3235,117.0628,117.6099,118.0513,118.1178,117.1799,117.4218,117.6578,117.6141,118.1327,0,0,0,0,0
117.6512,117.4348,117.6353,115.1282,117.2126,119.0018,118.0137,117.9892,116.9789,117.5194,116.9322,115.9484,115.1886,116.4141,117.3646,118.1346,116.4491,116.6696,117.4192,117.4953,116.2595,119.1037,116.3798,117.2947,117.5089,117.6959,117.384,118.7488,0,0,0,0,0
117.6163,117.0482,116.0413,114.108,117.3841,118.4737,118.4525,118.1232,117.3843,116.423,117.2478,115.5051,115.9491,115.7103,117.4192,117.2579,117.5517,117.813,118.168,114.7778,117.9948,118.7547,117.5539,117.8616,118.0839,117.685,116.2769,117.8622,0,0,0,0,0
117.8436,114.7156,117.4355,117.7342,118.785,118.2125,118.4483,118.0755,116.6546,116.9061,117.5794,116.2699,115.4314,115.7464,118.1962,118.2025,117.2094,118.167,115.3656,117.9532,118.7631,117.7322,119.1511,117.8244,117.898,116.5824,118.6658,118.5628,0,0,0,0,0
117.6604,118.4264,117.3419,118.341,118.227,118.4592,118.8202,117.8787,116.8824,116.8273,116.3344,116.4852,117.2879,116.6966,117.8894,117.65,117.5605,117.9431,118.3459,114.8556,119.1047,119.1931,117.7541,117.1419,118.5776,118.7456,119.0661,119.2895,0,0,0,0,0
114.1816,118.5577,117.2314,117.711,117.9188,119.1366,118.3394,117.9934,117.1924,116.6973,116.2737,116.4161,116.8063,116.7697,117.9694,117.0082,117.5096,117.5472,118.2733,117.9992,117.9039,118.1462,117.6684,115.8037,118.8243,117.8256,118.6736,118.5247,0,0,0,0,0
117.4873,114.3923,118.8412,114.8611,117.9549,118.3021,118.3271,117.6263,117.3733,117.1446,116.051,115.2834,116.6199,116.207,117.9033,117.4403,117.7779,116.3675,117.7595,117.1095,118.8843,116.7101,117.7863,117.4394,117.6304,117.3672,118.979,118.4456,0,0,0,0,0
117.6688,116.6516,119.0413,116.9421,117.4207,117.9076,117.0832,118.8893,116.7503,117.0128,117.8851,115.7378,116.5366,116.047,118.1829,118.438,116.1461,117.5274,118.576,117.9025,118.159,117.7492,117.8867,118.499,118.3411,117.7538,117.8334,118.3725,0,0,0,0,0
114.4238,119.1846,119.3186,117.2209,115.1575,118.2348,116.3836,118.4169,117.6444,117.4807,117.6932,115.2964,116.5912,116.0118,117.8542,118.6578,118.1501,118.0963,117.694,117.9671,118.2154,117.8404,117.7023,116.5074,117.7171,117.5841,118.8618,118.0447,0,0,0,0,0
117.8172,118.2906,117.7129,114.2219,118.9273,118.154,116.6517,117.22,116.9257,117.3124,118.9578,116.0757,117.2269,116.762,117.3289,117.8627,117.3866,117.7669,117.81,118.1475,118.1852,117.4098,118.5371,118.0957,117.4434,118.0876,116.1225,118.0154,0,0,0,0,0
118.7744,114.3302,119.0032,114.708,118.847,118.3122,118.7249,117.6795,117.8429,117.5284,118.378,116.7331,116.8995,118.3174,118.2824,117.9943,117.8184,117.6531,115.6709,117.9014,119.5585,117.9012,117.1693,118.2488,118.577,117.0321,118.7104,118.5864,0,0,0,0,0
118.6143,117.8901,119.4126,118.574,118.189,118.2895,118.8971,116.1509,117.1376,117.2364,118.5554,118.0895,117.7447,116.6074,115.9998,118.2672,118.2351,118.2262,116.3928,117.2829,117.0319,118.1085,118.5496,118.1218,115.7139,119.1842,118.8088,118.5458,0,0,0,0,0
117.6788,117.5926,118.5037,116.625,118.695,118.3752,117.4926,118.6115,117.6658,117.6681,118.1878,117.8216,119.7935,116.379,116.4256,118.1047,117.7054,117.8259,118.0831,118.4229,118.7072,118.688,118.8394,118.4943,115.3921,119.2859,117.7274,117.1317,0,0,0,0,0
117.2856,114.1873,118.5402,118.876,118.0697,118.4952,118.4752,118.1342,118.1321,116.571,118.4863,117.8774,117.6066,116.4426,116.9955,118.5659,118.4168,117.2238,118.3267,118.2907,118.908,117.9418,118.4068,117.7121,115.5014,117.8546,118.0208,118.6251,0,0,0,0,0
118.5328,117.6013,119.0731,117.422,118.2735,118.8905,119.0518,118.8822,117.4816,117.9766,117.633,117.2626,117.9794,116.9783,115.5074,118.2541,117.7912,117.9078,117.9687,118.0952,118.7476,118.8711,118.3114,119.1483,118.8573,118.571,118.3195,117.9532,0,0,0,0,0
118.3485,118.2259,117.8927,118.1955,118.947,118.2107,119.9617,118.94,119.102,117.1353,117.9687,116.8574,118.6661,116.9264,118.008,118.3312,115.6801,116.6565,117.8537,118.3684,119.293,118.5953,118.8194,116.7039,118.9927,118.7745,118.1942,118.0342,0,0,0,0,0
118.9193,118.855,118.3303,117.4366,118.2661,119.3666,119.0632,119.4696,118.2634,117.9687,118.523,117.3812,118.4828,115.8779,116.2618,118.4968,117.2402,118.6795,118.3817,118.4158,118.6429,118.5739,118.5596,114.8738,114.4452,118.0869,117.939,118.1389,0,0,0,0,0
115.0474,118.4383,118.9086,116.2237,118.5005,118.867,119.6547,118.4155,118.4571,116.905,117.7886,117.6857,116.8871,117.104,117.1043,118.1299,115.7387,117.9999,118.0822,117.5718,118.8603,118.2212,118.5428,117.9681,117.5475,118.2959,117.4883,118.2718,0,0,0,0,0
