117.581,115.5749,117.8283,119.607,119.916,118.5048,117.6675,116.9737,0,0,0,0,0,0,116.5486,116.1648,117.0329,116.8949,116.3721,117.196,117.8376,117.7135,117.9103,117.2812,117.3601,117.3928,118.7832,117.8902,117.2961,117.6379,119.0298,119.2504,120.3779
116.0786,117.5619,117.3969,116.8866,117.3926,117.3067,117.704,116.8464,0,0,0,0,0,0,116.1959,115.7165,115.3654,115.0601,115.523,115.7154,115.1825,116.538,115.1388,114.8595,111.7575,116.5513,116.0046,116.2545,114.8548,115.7156,116.6041,116.7375,114.347
115.149,116.2336,116.8524,113.2338,112.7774,116.9658,114.3278,117.1512,0,0,0,0,0,0,114.0358,115.3827,116.5739,115.9841,115.9141,115.847,115.4734,115.494,115.291,115.4545,111.7036,115.7263,114.2587,115.767,115.1913,113.9158,113.1076,115.8262,115.534
116.5021,116.4004,116.8984,116.2615,114.8874,117.3729,116.6534,116.413,0,0,0,0,0,0,116.2001,116.2032,115.8,115.1992,115.1494,115.874,116.317,116.2229,116.1931,116.281,112.5688,114.472,113.5557,116.8916,115.4784,112.3077,113.318,116.0352,114.9097
116.2261,116.8648,116.8985,113.1087,117.251,116.9969,116.418,117.3108,0,0,0,0,0,0,116.2685,115.0955,115.9129,113.9782,114.9927,116.6996,116.6678,116.8125,114.9227,114.1568,116.1702,114.2295,115.4263,114.8589,115.3977,113.6515,113.2503,114.9722,115.3425
115.8378,116.5998,116.6205,114.7203,112.6281,117.2852,116.3458,116.6611,0,0,0,0,0,0,116.3958,114.1238,115.2402,114.1458,115.104,115.9539,115.809,114.7694,114.8105,115.0252,115.2217,114.2064,113.4716,115.0468,113.9446,113.4388,113.64,115.9294,115.0467
115.8392,117.1343,117.3519,113.4634,112.4771,116.336,115.4818,117.027,0,0,0,0,0,0,115.5568,113.8596,116.1124,114.6747,113.5711,113.8596,115.9595,115.5382,114.9249,113.845,114.4235,115.8978,114.5069,115.353,114.1323,112.2523,113.3423,115.1173,115.3624
116.4046,117.2055,116.6316,114.9071,113.2022,115.434,114.4892,114.3821,0,0,0,0,0,0,114.3567,114.1861,114.6121,113.9427,113.7344,113.8264,114.9435,114.5421,114.5935,113.8497,114.5127,116.197,114.5304,113.2753,113.7458,112.2501,114.846,114.5363,112.7117
116.9078,116.5285,116.316,113.7283,113.695,115.7421,114.5526,114.9693,0,0,0,0,0,0,114.3528,113.7294,114.5241,113.8839,113.934,114.0409,114.8947,114.3562,114.0108,113.1384,112.7597,114.4927,115.7555,115.4885,114.2583,115.8104,114.1533,114.954,115.0526
116.3357,116.5471,116.5282,116.1508,115.8418,116.7751,116.6411,116.7939,0,0,0,0,0,0,115.6711,115.3422,115.7379,115.9223,115.6553,115.534,116.2573,115.328,115.8374,115.7777,115.6073,115.0614,115.0184,116.1874,115.6102,113.5229,116.135,114.6611,114.4824
116.2304,116.1693,116.8932,115.6255,117.0354,116.6466,116.3801,117.069,0,0,0,0,0,0,115.7121,114.6353,115.3852,115.2013,115.134,115.9642,116.2898,115.7054,116.0656,112.4566,115.4901,114.7019,116.2674,116.2557,115.7763,112.8384,116.105,114.6489,115.8619
115.8787,115.8505,116.138,113.6949,112.2386,116.2216,115.966,114.1902,0,0,0,0,0,0,114.5693,115.4176,115.3753,115.0619,115.1556,115.9249,115.6737,116.47,115.4372,113.962,115.9944,115.8077,115.907,116.2344,116.447,113.4929,116.4185,114.8734,115.1625
115.9905,116.019,117.1849,116.6473,116.2801,116.4248,116.495,116.4147,0,0,0,0,0,0,115.4247,115.3646,115.908,115.5263,115.5238,115.321,116.13,116.6804,116.0603,114.5105,116.4706,116,114.6349,116.3106,116.0421,113.1356,116.3894,116.5412,115.234
115.5943,115.5883,114.6856,114.7581,116.6482,116.2786,116.3357,115.981,0,0,0,0,0,0,115.9013,114.883,115.5397,115.2236,114.9353,115.5188,115.3113,117.1864,114.2162,113.6367,115.1899,115.3593,113.9842,115.7889,114.5417,112.4936,115.9559,114.8984,114.6815
115.6012,115.4794,116.7449,117.3959,116.5842,116.299,116.2949,116.3166,0,0,0,0,0,0,114.6573,115.0283,115.2319,114.7596,115.345,115.0241,115.1989,116.1191,114.9616,115.1047,115.679,115.4898,114.4636,116.5462,116.0908,112.3972,116.3639,114.4681,113.1637
116.1184,115.9615,115.7766,115.5258,114.11,116.3012,115.807,116.3236,0,0,0,0,0,0,114.3714,115.5106,115.245,114.5663,114.819,114.925,115.6424,116.1526,115.6288,114.6968,113.6376,116.0574,113.7887,115.8412,114.38,112.3977,116.7475,116.8079,114.9401
116.142,116.6615,116.0907,116.5699,113.1991,116.7946,116.1509,116.4289,0,0,0,0,0,0,114.3806,115.4154,114.5265,114.6386,115.9395,115.8633,115.4689,115.7959,114.9594,113.7901,115.12,115.7315,115.203,115.5343,115.8951,116.0429,116.2418,115.0646,116.5309
116.1282,115.5745,115.7236,114.004,116.4011,116.9816,116.5065,117.1275,0,0,0,0,0,0,115.4776,114.7539,114.1225,112.9433,114.12,115.5082,115.5717,115.9235,115.1774,115.3965,114.6157,114.8194,115.8697,115.5341,114.0449,115.8787,116.0787,115.2202,116.4403
115.7263,115.7456,115.7529,114.3825,116.7723,116.4244,116.0025,116.7212,0,0,0,0,0,0,114.7009,114.963,114.6948,114.5341,114.528,114.3799,115.4578,115.7118,116.1901,115.792,113.8926,114.3724,115.6034,115.693,114.5476,113.3228,115.8674,115.0301,114.7152
115.7406,115.3629,116.0248,112.6954,113.6463,115.2842,116.4931,116.9584,0,0,0,0,0,0,113.118,114.2027,116.1146,115.5311,114.5862,114.9124,115.8569,115.7337,114.5171,113.6368,115.4153,113.8332,114.5299,115.2806,114.6753,116.4834,116.4503,116.1528,115.2151
116.7115,116.1969,116.4294,116.2131,116.6755,115.7917,116.2864,116.6215,0,0,0,0,0,0,113.3115,115.1822,116.0427,114.7254,114.5558,115.68,115.5353,115.8726,114.5364,115.552,114.4738,115.0873,113.8909,116.1947,116.4634,112.2792,116.9358,112.2585,114.3025
115.8152,116.322,116.1403,114.7601,116.0049,115.7716,115.9626,116.941,0,0,0,0,0,0,112.585,115.8473,115.8994,114.9081,114.2863,114.7594,116.1368,116.6749,114.4599,111.4488,109.0743,114.1381,113.361,115.074,114.2664,113.8077,116.6984,116.3803,114.6593
113.8479,115.0401,116.4108,115.483,113.533,114.8292,114.4935,115.7974,0,0,0,0,0,0,112.3199,113.7552,114.3931,115.4522,113.941,115.5053,114.1648,114.0349,113.3567,111.8459,113.4021,113.6347,112.7779,115.5313,116.2953,113.2782,115.4749,113.3771,113.723
114.2054,115.3618,114.7206,114.2236,116.2482,114.303,114.1246,114.7599,0,0,0,0,0,0,110.9066,113.3893,115.1141,114.1128,113.5599,113.7606,113.6475,114.441,112.5844,112.5074,114.3534,114.1818,114.1003,115.7501,115.1437,111.0808,114.694,113.51,114.2674
115.1678,114.7177,115.3567,115.6075,115.365,115.4121,113.4969,114.9515,0,0,0,0,0,0,113.4991,115.0123,113.5913,113.5435,114.7358,114.5134,114.924,115.066,114.1985,114.2139,110.0791,114.3078,112.4011,115.5498,113.8748,114.694,114.0368,114.4655,113.9653
115.1647,116.0711,114.1879,112.7727,115.5494,113.3157,113.2908,113.5014,0,0,0,0,0,0,113.8707,114.0115,114.3545,114.3925,114.6735,114.3547,113.4093,114.9949,114.3925,114.2786,113.7962,113.1664,113.7225,113.4233,112.5347,115.1572,112.3131,113.2718,112.1507
115.9043,115.6548,115.0988,115.9773,115.6149,115.2799,113.8522,113.3551,0,0,0,0,0,0,113.3497,115.1387,114.3652,114.5978,114.0261,115.3457,115.2863,114.1604,114.9442,113.3565,111.7847,112.9291,112.6657,115.3748,113.9016,111.8861,116.0928,114.2175,114.9624
115.7029,115.7408,115.3575,112.9037,112.4069,115.1389,112.6613,115.7862,0,0,0,0,0,0,112.3119,113.8313,114.3969,114.2195,115.4839,115.0274,114.9091,115.5653,114.3775,113.1474,113.123,114.5795,114.9399,114.4251,115.0439,112.8045,113.1376,114.9045,114.9551
115.8748,115.1005,115.3264,110.9999,112.0733,115.6094,113.3513,115.0838,0,0,0,0,0,0,113.6174,114.319,114.6942,113.5256,114.5728,114.2453,114.8202,115.5642,114.9351,111.7343,113.2969,114.578,114.4474,113.6028,115.4159,112.4834,115.8741,114.0078,113.5263
115.1267,115.9012,116.0863,114.6404,111.8503,115.5347,113.0396,115.0121,0,0,0,0,0,0,113.9536,114.5734,114.4741,114.2497,114.7019,114.851,115.1082,114.8891,114.1857,115.0823,111.4538,114.4691,113.4603,113.6603,113.9388,115.5637,112.6973,114.7534,113.8656
114.7527,114.6891,113.7328,112.8293,115.6498,115.9452,112.8867,112.6413,0,0,0,0,0,0,113.9555,114.5636,113.1538,114.0018,115.2498,114.3916,115.0231,115.3607,113.6113,114.2692,114.6105,114.6755,114.0783,115.6225,114.2185,112.5677,112.2857,114.4097,114.9328
115.7696,114.7687,114.2021,111.8497,116.1074,115.7488,113.0213,115.0486,0,0,0,0,0,0,113.4256,113.6733,113.652,113.7559,114.2718,115.3022,114.8095,114.983,114.4669,113.4758,114.0265,115.2735,113.8373,115.9118,114.8349,116.0556,111.4351,114.2417,115.2508
114.8955,114.604,113.7452,113.896,112.1859,115.733,112.9452,115.5389,0,0,0,0,0,0,112.5678,114.4532,113.8733,114.125,115.0292,114.7214,114.5042,115.1735,114.2179,113.3625,111.7019,114.9459,113.7189,114.4905,114.0917,111.8819,110.1165,114.4709,114.4488
115.0959,114.3172,113.37,114.1515,112.0827,115.6169,113.6723,115.52,0,0,0,0,0,0,112.5824,113.6901,113.9738,114.4919,114.4261,112.8827,115.1383,115.2052,114.9366,115.5643,113.2392,114.5743,113.4952,115.5584,115.6727,112.3571,112.0758,114.0152,114.0612
114.1025,114.9491,113.6413,113.1439,112.0438,114.9946,113.3927,112.5117,0,0,0,0,0,0,113.1775,113.8426,114.5284,113.4068,114.5678,114.1991,115.3205,115.5781,114.7034,111.3501,111.3428,112.6901,115.4293,114.8018,115.8201,111.7798,108.8028,114.2357,114.1208
114.8657,115.3801,114.0956,113.4171,111.2704,114.1828,112.6681,114.8943,0,0,0,0,0,0,114.1849,113.726,114.3592,114.2073,114.3075,114.8266,115.2736,113.2703,112.1565,115.0102,113.3646,114.0168,115.0633,113.6878,113.7469,111.8848,111.644,114.1616,114.4908
113.8622,114.4117,114.0005,112.8949,114.7586,114.7222,113.0902,115.2926,0,0,0,0,0,0,113.9608,113.3931,113.517,114.4689,114.2969,114.5661,115.6789,115.9319,114.5116,113.3293,115.0688,113.7475,113.5652,114.6155,113.4278,112.0716,115.0009,114.3326,114.7367
114.8132,115.8246,115.5277,112.7504,115.1847,114.7699,113.1696,115.6551,0,0,0,0,0,0,114.052,113.7523,114.0508,114.5978,114.2378,114.8563,115.1436,115.0727,114.0928,112.2255,113.4527,114.2051,113.2928,114.5882,114.8706,112.0417,112.1765,114.3469,113.5641
115.1751,115.051,115.4772,113.0046,114.235,114.184,112.2487,115.5654,0,0,0,0,0,0,114.6931,113.8899,114.1894,114.1821,113.4093,114.6646,114.5164,114.7745,113.4732,113.9389,112.5803,113.3228,112.7535,113.162,113.1777,111.4359,112.1117,114.9372,114.1095
115.1982,114.7826,115.7426,113.7296,111.312,114.3245,114.8924,113.1678,0,0,0,0,0,0,113.7878,113.8683,114.1672,114.4343,113.2341,114.2607,114.4584,114.5661,113.8949,114.31,113.0957,111.6998,110.8407,112.9597,113.7563,111.7615,112.0855,114.5695,114.2737
114.6405,114.8358,114.7765,113.3278,111.1738,115.6525,114.7525,114.4729,0,0,0,0,0,0,114.2962,113.6152,113.6257,113.642,113.2252,114.9006,114.3532,114.9881,112.5852,112.5927,110.4368,112.582,112.3932,114.1347,114.0529,111.9627,111.4996,114.5984,114.2159
114.63,115.0128,114.5265,112.6964,114.9671,115.2403,114.9268,115.0898,0,0,0,0,0,0,114.4755,113.6908,114.3341,113.6351,114.4376,113.6651,114.8577,114.5311,113.3057,111.3372,110.9958,112.6379,111.9232,114.0119,114.994,111.8604,111.5224,110.9188,114.2087
114.9128,115.2366,115.4314,113.182,112.355,114.9829,115.1252,115.0173,0,0,0,0,0,0,114.6643,113.4346,114.938,114.2293,115.1389,115.1373,115.2561,115.1252,113.0348,113.9143,114.2224,114.0717,112.496,115.3772,113.9166,111.5688,112.5401,113.4121,116.7268
115.2039,114.4566,115.1112,113.9671,111.1691,115.3212,114.9119,114.7653,0,0,0,0,0,0,113.5358,114.1522,113.8814,112.9475,113.8501,114.4891,114.4912,114.9248,113.887,112.0837,112.1369,113.3279,111.7486,115.3378,115.2399,109.5189,112.4275,114.3358,114.1362
114.5189,114.9464,115.2506,113.8204,115.0425,115.1936,115.2259,115.0291,0,0,0,0,0,0,113.3109,112.9786,114.1365,112.8531,114.018,114.1464,113.6466,114.7007,111.9485,109.7504,113.7845,113.5483,112.6239,112.7902,113.559,111.583,112.1189,113.2552,113.5526
115.2406,114.7825,114.873,115.6182,111.7329,115.0535,114.8782,114.5331,0,0,0,0,0,0,113.312,111.0158,113.312,112.9693,114.0007,111.3138,114.4008,114.9949,112.5791,111.4586,113.0166,111.0664,111.8504,113.7035,114.522,111.3066,112.3681,114.1164,113.6522
114.7559,114.3961,114.7746,113.1011,112.6107,115.3886,114.2815,113.6708,0,0,0,0,0,0,113.5916,111.5461,113.5655,112.3371,113.1309,114.9414,114.6056,114.6244,111.0915,109.624,111.8395,114.8821,111.1323,113.5004,113.9856,112.6176,112.4715,114.1431,114.5383
114.3274,114.7877,115.3874,110.6353,111.5737,115.649,114.2882,113.6868,0,0,0,0,0,0,112.9642,112.0673,113.1949,112.117,114.07,113.8803,114.7673,114.6552,112.3293,109.6714,113.6455,114.2107,113.0607,112.5549,113.0897,113.486,112.2085,114.016,111.7873
112.2253,112.6519,115.3794,112.7635,111.8758,114.6555,112.1552,114.4762,0,0,0,0,0,0,111.7231,111.5303,113.4276,113.0977,113.0213,113.6253,112.8251,115.1204,113.0527,111.081,110.8212,112.3649,110.93,114.4041,110.2997,114.1822,114.326,116.1503,112.6189
114.2354,114.7029,114.9671,113.9441,110.1529,113.8567,115.2338,113.6707,0,0,0,0,0,0,114.097,112.2632,112.3652,113.2991,112.6259,114.3509,114.8828,113.8236,111.9898,113.504,113.6559,112.3094,113.2689,114.2444,112.8857,112.1856,111.9499,113.727,113.4426
114.7314,114.6574,115.4545,113.3482,110.3767,113.9848,114.477,115.3445,0,0,0,0,0,0,113.388,112.3848,113.1784,111.9334,113.1186,113.443,113.9493,114.9423,112.1628,109.5355,113.5076,114.1936,113.9355,113.7632,112.7076,112.4063,115.1854,114.342,114.3402
113.8467,114.858,114.9147,113.9152,110.8841,113.674,114.3207,114.5675,0,0,0,0,0,0,112.7554,111.1191,112.1395,112.3512,112.5739,113.5105,113.7337,112.4374,112.7616,109.3212,113.0148,112.8638,111.7736,113.1711,112.8442,112.7864,112.9337,114.9514,114.8508
114.5444,115.4414,114.811,113.9109,111.0388,114.7502,114.6939,114.9484,0,0,0,0,0,0,113.2075,111.7253,113.7061,112.209,113.5947,113.5066,113.7801,113.5288,111.862,108.879,113.5814,113.2499,110.8648,115.1242,113.0783,113.6313,113.0237,114.4646,115.4937
114.0986,114.8752,113.6096,114.2254,111.0719,114.4475,114.4395,115.1001,0,0,0,0,0,0,113.3723,111.1558,114.1702,111.6332,113.8508,112.8942,113.2642,113.4872,111.5216,113.9104,111.3847,112.2796,113.1302,114.5186,113.1411,111.594,112.4506,114.7319,111.8607
114.2794,115.145,113.3975,114.0108,110.6594,114.2821,114.0638,115.1137,0,0,0,0,0,0,113.7369,111.703,112.7689,112.3206,113.5198,114.4422,114.0038,113.9189,112.6904,110.5908,113.7827,113.1086,111.0957,114.3418,112.6909,114.6335,111.8346,114.0221,114.4925
114.1675,115.0817,113.7172,113.2661,110.82,114.3565,114.396,114.5519,0,0,0,0,0,0,113.6029,111.9699,113.1144,111.4075,113.6487,113.9279,114.4207,114.0266,112.6582,110.4306,113.0415,113.219,111.2307,114.7212,113.6032,112.0286,112.9497,114.3852,114.0344
114.5596,114.3526,115.3362,110.8219,110.5691,114.5369,113.8106,113.6101,0,0,0,0,0,0,114.0493,111.8833,113.4234,111.7805,113.5078,113.468,114.281,113.1735,113.059,111.4477,113.4954,112.2468,113.561,114.2628,112.2832,115.4415,113.9351,114.531,113.6479
113.6208,115.1958,115.0518,113.8356,110.2381,114.2869,114.3485,113.7826,0,0,0,0,0,0,113.6153,112.4656,112.7258,111.742,113.2201,113.9393,113.3358,112.9853,110.7984,110.187,110.1312,112.1368,112.5065,113.8871,112.1759,112.0389,112.3261,114.5849,114.1554
113.5702,115.1928,114.7583,110.9428,110.966,114.3019,114.9149,113.8976,0,0,0,0,0,0,113.2387,112.3162,114.0184,112.1867,113.5158,114.2656,113.4718,113.8155,111.5748,112.545,110.7961,114.8798,111.1908,115.0228,112.6586,107.4939,112.2477,114.0249,114.6013
113.4735,110.2558,114.9321,111.578,109.9029,114.4336,113.9266,113.7857,0,0,0,0,0,0,113.1204,111.278,113.208,112.3631,113.3319,111.2367,113.4875,112.6834,113.032,113.9679,113.1515,113.3735,113.6431,114.4375,112.9406,112.3866,111.6257,113.6634,113.5142
113.6032,114.6035,112.8871,113.0049,112.7838,114.8769,114.3273,114.3977,0,0,0,0,0,0,111.8597,111.2211,113.0496,112.3634,112.5116,110.5292,112.7774,113.8604,112.9189,109.3969,111.9573,112.9547,109.6828,114.4717,114.6531,111.2213,111.2555,113.8357,115.0364
113.9013,114.0591,112.9782,110.6495,108.5014,114.5957,114.1738,114.6789,0,0,0,0,0,0,112.616,111.1289,113.5771,113.1609,111.419,110.0528,112.7025,113.8032,108.3782,112.6275,112.5439,112.8849,113.3507,112.5473,112.864,111.6129,111.6978,114.0219,115.2834
113.517,114.7168,113.5462,113.3727,111.3498,115.0713,114.3141,114.8498,0,0,0,0,0,0,113.1749,111.2607,113.2835,112.5572,112.7781,109.5734,111.3309,112.3919,111.0543,111.5355,109.7315,111.3352,112.4823,112.3044,112.8189,112.2542,111.8103,114.6597,114.4694
113.9681,114.1598,112.4871,113.2648,111.2461,115.0711,113.9641,111.867,0,0,0,0,0,0,113.0367,111.6371,112.5836,111.8713,111.0498,109.9312,113.4212,110.6918,111.2337,113.11,111.9661,113.4695,112.318,112.9622,113.6518,112.7093,114.5027,113.8835,113.6403
113.4898,114.5937,114.0115,113.0683,108.7738,114.644,114.4999,114.5064,0,0,0,0,0,0,113.5264,110.5962,112.803,111.5568,110.6079,111.1905,113.7756,113.225,111.6437,109.6008,112.0491,112.1925,113.3625,113.4028,112.9705,112.074,112.6141,114.0249,113.9294
114.0189,113.7706,112.7533,114.3225,114.2332,114.4135,113.9885,114.7477,0,0,0,0,0,0,112.3263,111.2472,113.3759,111.5945,110.7591,110.3296,112.7987,110.6922,112.4288,110.2205,113.7609,112.8332,111.2035,112.7421,113.2332,111.9351,111.3606,114.1596,113.9209
114.28,113.4736,114.2684,109.8241,111.8101,113.8151,114.7355,114.5041,0,0,0,0,0,0,112.0239,111.2142,113.0481,112.6468,110.7967,110.8495,113.5672,111.4178,113.2927,110.4897,113.4372,111.7903,112.1495,112.1066,113.1838,112.691,111.5464,113.8951,113.9461
114.3587,113.2523,112.1979,113.6929,110.8482,114.3107,114.403,113.9508,0,0,0,0,0,0,111.497,111.2479,113.0499,112.203,111.0664,111.6902,112.9291,111.7516,113.0085,113.1292,110.139,113.4063,112.6118,115.1511,113.5314,111.7689,111.5401,113.4105,114.6056
110.6915,113.9824,112.4006,113.6228,110.7377,115.0535,113.9107,114.3247,0,0,0,0,0,0,111.7357,111.6118,112.4134,111.9637,111.4295,110.9369,114.3709,112.2537,112.3257,113.0685,112.1169,112.4029,113.4984,113.4512,113.3632,112.086,114.0977,114.0956,114.3472
114.7455,113.4442,113.3824,112.7329,110.8899,114.0733,114.0881,114.2128,0,0,0,0,0,0,111.7244,112.1783,112.9919,111.6257,110.2299,110.795,112.7526,112.185,112.4537,111.1278,111.3652,113.8726,113.424,112.5583,113.2091,111.9357,111.1748,113.2603,114.8866
114.7368,114.3129,114.1655,113.0742,110.6721,113.0641,113.6915,115.072,0,0,0,0,0,0,113.198,110.9947,113.6993,111.3479,110.152,110.4758,112.2921,112.6278,112.9038,108.5908,109.2742,113.3527,112.778,111.7514,113.0549,111.7881,111.132,114.1308,113.2755
114.6211,114.7699,112.5584,113.2067,114.154,113.0674,109.3202,111.5774,0,0,0,0,0,0,112.3452,111.7751,113.065,112.1131,110.6642,110.672,112.7815,112.8186,111.3983,113.3873,113.1485,112.2989,112.2082,111.6093,112.4443,111.3933,113.5156,113.4555,112.8907
113.2732,113.0373,114.0394,112.5965,108.6974,111.2196,111.6213,114.2369,0,0,0,0,0,0,111.1219,112.0167,111.4859,109.8233,106.4799,109.3719,113.0331,110.9646,111.0313,110.4634,108.9036,111.051,111.0785,111.613,111.1327,110.6415,113.0221,113.6936,111.7089
105.943,113.4236,109.1014,111.9385,111.3611,111.3785,112.4213,113.4448,0,0,0,0,0,0,109.6282,111.5044,110.6953,110.0922,110.0699,110.0386,112.1896,110.1045,109.7035,107.2796,108.9069,111.964,108.9633,111.5114,112.7839,109.8864,111.1683,112.5845,112.1
115.155,113.8152,112.9723,111.8236,114.2244,112.3556,113.8676,111.0101,0,0,0,0,0,0,112.0262,110.9641,112.1861,111.5708,111.1893,111.2048,112.579,108.0209,112.2244,111.6226,111.5346,111.933,112.3811,112.6837,112.5391,111.1851,113.7213,110.8956,113.3339
113.3783,115.3721,113.0191,112.2841,112.024,112.9986,114.694,114.3759,0,0,0,0,0,0,110.9616,110.8399,110.3593,111.5709,110.4503,104.7756,114.0811,112.1751,111.3354,112.0969,110.0794,111.3188,111.668,110.8501,113.2561,113.153,111.6538,112.2853,114.0669
109.3478,114.8069,114.4354,110.9829,113.2316,113.528,114.0506,113.9551,0,0,0,0,0,0,112.0588,111.8343,111.1949,111.601,110.3124,110.0742,111.3538,112.497,113.0384,114.2452,109.1042,112.5856,112.3917,112.1536,112.542,111.1488,112.4682,114.4462,113.688
114.6137,114.5771,114.9196,113.5063,109.8251,113.3972,113.7881,113.5651,0,0,0,0,0,0,112.2992,111.8687,112.3332,111.5164,110.2672,111.7597,111.7866,111.7303,111.2089,114.3372,113.3322,111.797,111.8765,111.9339,113.4495,111.8224,111.4764,114.1771,113.7128
113.6202,114.7855,113.4311,114.8437,112.657,113.9507,110.0056,111.9546,0,0,0,0,0,0,110.6951,111.0967,111.7343,111.8117,110.8149,112.2002,112.8767,114.6206,111.5187,108.1056,111.3711,112.7385,112.6263,111.6404,112.8415,112.1602,114.4433,114.1003,114.8069
114.6591,113.4403,113.329,112.9533,110.0423,113.5703,111.7617,113.2001,0,0,0,0,0,0,112.6352,110.1866,112.1547,113.1789,110.6381,111.5817,112.2309,112.1738,110.5458,111.8709,108.7458,111.5455,112.7161,113.2114,112.1611,112.0566,111.7244,113.8326,113.5743
113.7699,114.1491,114.7373,113.1858,114.7701,113.6333,112.7741,113.5717,0,0,0,0,0,0,111.5902,110.82,111.5718,111.2352,110.8163,112.1641,111.5432,106.8378,112.7376,109.4669,109.8389,112.6486,111.5642,112.374,112.3165,110.5914,112.7628,113.1527,114.4124
113.9369,114.1732,114.2385,110.8436,110.7433,114.8069,112.5349,108.7396,0,0,0,0,0,0,112.6414,111.6822,111.2847,111.2108,112.3388,112.1598,111,112.7205,111.1133,109.7949,112.2207,113.4257,111.1406,112.1216,112.0476,110.5538,110.9819,112.594,113.9024
114.7364,114.3004,114.8589,115.9505,113.5852,113.1125,114.4672,111.7852,0,0,0,0,0,0,112.3209,111.5475,111.7091,112.3995,111.6926,110.6734,111.3563,111.6481,111.3542,111.9057,110.9409,112.0149,111.9115,112.0395,114.7338,110.9034,110.7937,112.231,113.3186
114.5206,114.8754,113.957,108.7543,114.8394,113.2674,112.76,111.4791,0,0,0,0,0,0,111.0587,113.0515,112.2051,112.1296,110.8101,111.4572,110.2884,111.8591,110.2563,112.7445,113.9499,113.1768,111.4438,113.5419,112.5989,111.9692,111.4932,114.5251,114.6283
114.7717,115.2408,111.7817,113.5522,114.8024,113.8397,111.446,112.1477,0,0,0,0,0,0,111.8077,113.1757,111.578,111.796,110.082,110.979,111.4171,113.1003,112.3178,110.0113,112.5595,113.1247,111.2461,112.0227,112.1384,111.3549,112.0316,113.9209,113.7648
114.4719,114.8679,114.6969,113.2557,114.764,110.3917,112.9376,114.6839,0,0,0,0,0,0,112.3687,113.0645,112.3612,111.7736,110.9907,110.2574,111.7249,113.1093,112.9252,111.4852,114.4636,111.9758,112.5114,111.3448,111.5651,111.3269,113.5598,114.283,113.8115
114.287,113.9778,112.7989,115.037,110.9985,113.866,108.1615,114.5718,0,0,0,0,0,0,111.2087,112.2646,113.309,111.7279,109.947,111.1163,111.8319,111.7519,113.8441,112.7506,112.8384,111.0014,111.455,113.4752,112.6291,112.2977,111.2172,114.1765,113.7595
115.1125,114.3069,113.5423,113.5362,114.8814,113.6398,112.614,113.7695,0,0,0,0,0,0,112.4852,111.9672,111.5459,114.0053,110.1858,110.59,111.4954,111.9563,112.6851,113.5098,111.8109,111.971,111.7869,112.1785,112.8202,111.6856,111.3281,113.8139,113.8581
114.419,110.08,114.9479,115.0474,110.9704,113.1426,115.0217,113.8993,0,0,0,0,0,0,112.9026,111.7761,112.4691,113.7067,110.6613,110.6942,112.9011,112.0448,109.6932,109.5847,111.3242,111.9803,111.6707,111.7636,112.7449,109.5299,114.3962,113.4675,114.4434
114.7985,114.5391,114.3206,113.2508,114.6218,113.3092,113.0365,112.7891,0,0,0,0,0,0,112.9724,111.2313,111.4583,112.5585,110.3881,110.57,115.0368,111.9844,110.5456,110.6749,112.8281,111.5359,112.6232,112.776,111.8986,112.5716,110.8933,114.3754,113.9393
114.8677,114.4498,113.3076,114.3851,110.2304,113.1582,113.0325,114.4725,0,0,0,0,0,0,112.1457,113.5807,112.0088,108.3418,113.2329,110.2265,111.683,111.4376,112.1021,112.1582,108.7514,112.9418,112.0399,113.4379,113.0979,110.982,112.0967,114.3735,113.1379
114.6474,114.0429,113.6234,113.5283,110.7606,112.9479,112.2612,113.785,0,0,0,0,0,0,111.6122,111.2596,112.4745,111.6929,110.2455,111.1175,111.6252,112.9061,111.5945,109.7796,111.8158,111.1076,113.2738,111.15,112.4821,111.4082,111.0722,113.5118,113.5299
113.9689,114.796,115.3622,115.4235,113.244,112.8349,111.8675,111.6393,0,0,0,0,0,0,111.6661,111.5132,112.2913,112.0266,110.3448,110.577,111.5264,112.0474,112.0565,114.0507,112.119,111.5854,113.4938,111.7752,112.4014,111.0892,110.7436,113.0218,114.2341
113.9662,114.9302,113.9774,114.2106,110.8832,113.3381,111.2869,112.5424,0,0,0,0,0,0,112.4774,112.1952,113.5504,111.5973,110.6382,112.3033,110.2279,111.687,111.332,109.0801,109.1367,111.7323,112.2072,112.8331,111.7793,111.2892,111.1626,113.4416,113.2284
114.7081,115.3662,113.6116,113.2006,111.1214,112.8635,112.4588,111.7536,0,0,0,0,0,0,110.2338,111.5936,112.6441,111.6489,109.791,108.199,111.4824,111.4621,111.5594,112.3849,110.1665,111.1041,113.4636,111.882,112.6117,111.4782,110.9402,114.2186,113.7198
114.4994,114.6099,113.9735,115.0229,111.0169,112.694,112.3719,111.4904,0,0,0,0,0,0,112.4976,106.6745,111.8273,111.4795,110.4053,105.6853,111.1743,112.2766,110.6733,111.2295,108.9347,110.9928,113.5318,112.2601,111.3142,113.8604,111.9085,113.6681,112.7448
114.8002,114.9732,114.1334,115.8632,111.7031,113.6312,111.6592,113.2638,0,0,0,0,0,0,111.5378,109.0552,111.2026,110.6088,105.4339,111.8757,111.6576,112.1039,112.1391,111.9624,108.9275,112.477,113.1617,112.3281,111.9796,111.3537,111.328,113.8961,113.9528
116.0291,115.012,115.6832,112.8602,110.8781,115.2874,109.4773,111.6614,0,0,0,0,0,0,112.1487,111.8404,110.724,110.869,111.0636,111.1783,111.729,112.0779,111.6634,110.8815,109.474,111.0644,113.2273,111.3135,112.1798,111.0887,111.1373,113.4433,113.0937
111.3068,113.3168,116.0711,114.9958,114.6792,114.6408,110.1784,113.9008,0,0,0,0,0,0,110.6929,110.4908,112.0164,112.9265,112.2853,110.6836,113.0092,112.0779,111.6634,110.8815,112.0835,111.0687,111.7061,113.8989,112.1798,111.0887,111.1373,113.4433,113.0937
114.5529,115.0409,114.5976,115.4542,114.3436,114.5435,114.144,111.7417,0,0,0,0,0,0,113.583,112.8285,113.2056,112.4054,113.2585,113.4144,113.0682,0,0,0,113.2545,113.3442,112.7956,114.1387,0,0,0,0,0
112.5273,114.8981,115.4705,115.1409,114.1778,114.5282,112.396,114.166,115.0525,115.8691,114.9954,114.6005,114.4752,111.1364,113.4205,112.8656,113.7737,112.7212,112.5996,110.0874,114.1992,0,0,0,112.7771,113.5512,112.3594,113.689,0,0,0,0,0
114.5259,116.0342,115.1727,115.1593,115.1373,114.9416,114.8215,113.7902,113.0584,112.9975,114.1214,114.1447,113.2235,111.4542,113.0745,113.1628,112.8566,112.927,113.6655,113.4983,113.8859,0,0,0,114.2017,113.4326,112.862,112.7938,0,0,0,0,0
113.9007,115.1721,115.6612,115.5069,115.091,115.5799,112.0566,114.0151,112.9787,112.7144,112.8876,111.9854,112.0555,110.3139,113.0723,112.5738,113.2885,109.4584,113.5881,113.669,113.5051,0,0,0,113.5129,113.4426,112.3966,113.4292,0,0,0,0,0
114.289,115.5455,115.5641,115.2215,114.7801,113.842,114.0912,111.6437,113.1391,113.2828,112.0013,109.6769,110.0406,108.8658,113.202,112.3669,112.7936,113.2885,111.7573,113.5122,114.054,0,0,0,113.3857,112.9203,112.9865,113.6811,0,0,0,0,0
115.0285,114.1292,115.1116,114.9403,114.0831,114.9863,114.9983,112.362,112.477,113.4099,114.0327,114.054,111.4658,112.5165,112.7733,112.6945,113.2213,112.4617,113.0913,113.6525,112.9341,0,0,0,111.9414,113.1907,113.5262,113.3481,0,0,0,0,0
114.7073,114.5648,115.4417,112.5027,113.961,114.9685,115.4945,111.6977,109.2413,115.3882,112.555,114.9954,111.4174,111.8207,112.755,110.9529,113.4029,113.1261,113.3059,112.9736,113.7363,0,0,0,112.9919,111.5908,113.3005,113.9501,0,0,0,0,0
114.5166,112.5446,115.7911,114.9301,112.4175,115.0891,114.418,114.4119,113.3645,114.7898,111.8538,111.7293,113.9666,112.0054,113.2109,113.7051,112.7541,113.4354,113.3578,113.9333,114.0018,0,0,0,113.4166,113.8428,113.4422,113.8517,0,0,0,0,0
115.2891,115.6585,115.7227,114.7343,115.4463,113.0572,115.1458,114.785,113.05,112.595,112.6881,114.1214,111.9959,110.9117,113.5353,113.4344,113.8429,113.5743,113.722,113.5219,113.9201,0,0,0,111.8191,112.9744,112.8501,114.0503,0,0,0,0,0
114.628,115.1079,115.4798,114.7065,114.8164,115.1431,114.4348,112.9607,113.4574,114.3805,113.3816,113.5764,111.2019,111.7177,113.6652,113.497,113.0987,112.7508,113.3758,112.33,111.5208,0,0,0,113.6873,114.6049,111.715,114.6407,0,0,0,0,0
110.7725,115.2953,115.7223,115.023,114.2139,115.0078,115.0507,114.955,113.0287,112.9956,111.9015,110.6165,113.2366,111.6331,112.9141,112.9332,113.2092,113.1896,113.5575,113.9826,114.3635,0,0,0,114.1542,113.7896,114.3837,113.737,0,0,0,0,0
114.9484,114.9432,115.7151,115.4838,114.1572,115.6458,114.5679,114.7532,112.7216,112.9709,113.1476,114.4221,112.7126,113.5111,113.5486,113.1329,113.2296,112.7369,113.0887,114.3769,112.8461,0,0,0,113.9154,114.3642,113.662,114.3972,0,0,0,0,0
112.5298,115.342,115.7843,113.2059,114.6115,114.3415,113.0435,114.4429,114.4613,113.7369,113.9925,111.1511,111.9334,112.5368,114.6634,113.5737,111.1546,112.9084,113.6494,113.5868,113.8447,0,0,0,113.4006,113.2713,113.6576,113.9873,0,0,0,0,0
115.9857,115.627,115.217,115.4212,115.0565,114.7178,114.2875,115.6088,114.0394,115.0729,113.8108,112.5831,111.6452,112.4116,114.181,112.7123,113.388,112.2417,113.0977,113.7681,113.8718,0,0,0,113.4224,113.1754,114.228,113.6346,0,0,0,0,0
115.0733,115.3933,114.9981,115.1267,115.4744,114.8241,114.5005,115.0242,113.6458,113.0816,113.2678,112.3168,112.1427,112.1946,113.7208,113.5456,113.3705,114.2142,113.9772,114.5305,112.2492,0,0,0,113.0472,113.5531,114.0878,114.2726,0,0,0,0,0
114.9835,114.2136,114.88,115.4458,115.83,115.5651,114.8403,114.5614,113.5116,114.2421,114.3692,113.3744,112.5188,112.2646,114.019,113.9377,113.8601,113.7134,114.0723,113.0114,115.3284,0,0,0,114.2948,113.3016,114.6448,113.2691,0,0,0,0,0
115.1883,115.8805,114.3782,116.0878,115.3495,115.5843,115.5196,114.268,113.0991,114.1379,113.5861,112.928,113.3728,112.948,113.3386,113.6406,114.7126,114.1725,114.044,114.3189,115.1649,0,0,0,114.2961,113.1856,114.294,114.5787,0,0,0,0,0
115.4626,115.2951,113.4559,116.5405,115.0953,115.0722,114.6178,112.3606,114.2167,113.8032,113.9575,113.3292,113.5489,112.4537,113.2498,113.5026,113.8447,114.08,114.7886,114.313,113.4739,0,0,0,113.911,114.2824,113.5445,114.6536,0,0,0,0,0
114.8069,115.2011,115.099,116.6148,115.4194,115.3867,114.6853,114.2144,113.4002,114.3619,114.2958,113.46,112.555,113.6239,113.1147,113.8801,113.7299,113.5151,113.8208,113.7211,114.7599,0,0,0,114.3206,113.981,113.7508,113.652,0,0,0,0,0
113.4529,115.9548,114.6731,115.3645,116.0437,115.7117,115.3948,115.0564,113.4555,114.1602,114.1419,112.754,115.1253,112.3672,113.3249,114.2542,113.7541,114.2742,114.0516,114.6795,114.7924,0,0,0,114.5807,113.9935,113.4245,113.9318,0,0,0,0,0
115.1983,115.6655,116.1702,116.049,115.4783,116.4835,114.4078,115.0698,113.9807,113.8149,113.0034,114.4991,112.805,112.1936,113.2898,113.9866,114.1036,113.0393,113.6442,114.4523,114.8181,0,0,0,114.0142,113.6782,112.9837,113.6595,0,0,0,0,0
115.2882,116.1401,113.9603,113.4324,115.2772,116.3239,115.4321,114.6197,113.6195,113.7742,113.6982,112.7811,112.9771,112.3825,113.5875,114.298,114.6386,114.6729,114.8302,113.9644,114.8125,0,0,0,114.0169,113.55,113.8502,113.6733,0,0,0,0,0
109.2076,116.2411,114.0387,114.8876,116.0481,116.0359,115.4472,115.2268,112.9707,114.269,114.1044,113.3725,112.4241,112.7458,113.4235,113.556,114.6086,114.0323,114.1983,114.012,114.9671,0,0,0,113.1443,113.3279,112.9396,113.9299,0,0,0,0,0
110.6161,114.214,114.809,115.4615,115.772,115.4094,113.8457,115.2094,114.1175,114.8383,114.36,111.7931,111.3049,110.5629,112.9125,113.0802,113.5284,112.1689,112.8602,112.9615,113.0422,0,0,0,112.662,113.4336,112.6269,114.3004,0,0,0,0,0
115.0116,114.4884,114.027,113.6761,114.1961,114.7153,113.4512,114.0549,114.0881,114.66,113.3267,112.3434,110.8204,112.2826,111.9509,112.9536,112.8366,113.0127,113.0758,112.9272,113.5207,0,0,0,111.8931,110.3893,111.4659,113.4229,0,0,0,0,0
115.0137,111.2999,113.9769,113.1212,115.8146,114.4967,114.9195,114.5227,113.5635,114.4653,115.3228,113.1539,112.6898,113.3516,113.5166,111.1043,112.6794,112.7991,113.6456,113.0239,113.8458,113.7787,117.4442,116.9251,112.6776,113.9316,113.9361,113.9135,0,0,0,0,0
114.1059,113.7253,115.9047,111.9794,112.7851,114.7276,115.5475,115.2832,114.1746,113.5562,114.5295,113.5193,111.4029,112.4726,111.5055,114.0753,112.5902,113.3383,114.3444,112.7175,111.9424,114.1299,114.759,116.3744,114.7833,113.5495,112.9449,112.1159,0,0,0,0,0
114.9568,115.1019,114.06,115.7666,113.4967,114.6508,114.7286,114.5051,114.0936,114.0007,113.9962,113.5203,112.969,111.9015,113.467,113.4563,113.5403,114.1642,113.9901,110.8787,114.4522,114.3544,113.6018,114.9016,114.798,114.1922,114.0164,113.8814,0,0,0,0,0
115.3663,115.0555,113.9037,115.1594,115.2651,115.8887,115.433,115.2481,114.32,114.4933,114.3895,113.3221,113.462,113.731,114.5917,113.7314,113.8217,113.5656,114.5498,114.2359,114.5341,113.9069,114.129,112.3924,114.129,114.2065,111.9878,113.9704,0,0,0,0,0
115.1979,114.6013,115.5818,114.7748,115.6435,115.4552,115.8385,115.9704,114.526,113.7199,114.7708,113.6743,113.4494,113.3346,113.6385,114.2512,113.7178,113.9629,114.1763,113.5558,114.5232,114.1707,113.8131,113.16,114.4231,113.7165,112.9988,113.9385,0,0,0,0,0
114.6431,115.4978,114.3942,116.3102,115.9071,115.4647,115.3841,117.3098,114.61,115.0499,116.6955,112.8557,113.584,113.1365,114.5427,113.3551,113.9793,115.2248,114.1079,114.4363,113.7097,115.2521,115.2723,115.1137,113.8107,113.6492,111.9134,113.8785,0,0,0,0,0
115.6395,115.5808,115.78,115.6169,115.1067,115.9315,115.847,115.5169,115.019,114.5772,114.8273,113.7427,113.3024,112.3446,114.6406,114.1069,114.8993,113.6457,113.1827,114.1052,114.6389,115.0418,114.5775,115.0927,113.6304,113.9005,112.6979,113.7271,0,0,0,0,0
115.7832,115.5426,116.9202,114.2215,116.1342,116.4105,116.2271,116.3057,114.6029,113.904,113.5833,114.3121,112.8326,113.656,113.6885,113.767,114.2869,113.0112,115.085,114.7268,113.6767,114.752,112.3939,115.2708,113.5222,113.581,113.231,114.698,0,0,0,0,0
115.5395,115.2779,114.9617,113.9954,116.4626,117.0817,116.2457,114.9062,114.8443,113.3166,114.3833,113.2838,113.9277,113.5599,114.5186,112.9066,113.864,114.8125,114.2604,112.1881,114.764,115.2292,113.8828,114.4186,114.5934,114.0352,112.2745,113.9266,0,0,0,0,0
115.5428,113.4887,116.7993,116.7365,115.7465,116.3335,116.6152,115.6417,114.2181,114.6205,114.7291,113.0343,113.1259,112.4495,114.8686,113.6116,114.3332,113.7002,112.6191,114.7222,115.455,114.8315,114.275,114.6468,114.4515,112.1191,114.6725,114.1484,0,0,0,0,0
116.0307,115.889,115.9675,117.5241,115.9445,116.1164,115.4346,114.2711,113.8561,114.9404,113.6972,113.742,114.1236,113.2563,114.0555,113.0003,114.1061,114.4897,114.966,112.1325,115.8754,115.0274,114.8753,115.2391,114.5741,114.3218,114.3168,114.1473,0,0,0,0,0
112.358,116.602,115.2352,117.0636,116.2436,117.044,116.195,115.7346,113.9084,114.0878,113.9628,113.4661,113.3335,113.5966,115.1353,114.1285,115.1565,114.6879,114.5855,115.7372,115.3525,114.6252,113.7941,113.0974,114.2201,114.5819,114.3092,113.3384,0,0,0,0,0
116.4529,112.9464,118.0708,113.4236,116.4727,116.0342,115.464,115.7111,114.5216,114.6326,112.891,112.8414,113.7048,112.91,115.4179,114.7685,114.2299,113.8397,114.7836,115.1356,114.6154,113.1202,114.1786,114.6343,114.6483,114.7176,115.0106,114.3377,0,0,0,0,0
115.384,115.1588,117.4098,115.3768,115.8673,116.2929,114.3294,115.9346,113.9016,114.8139,115.3485,112.8355,112.9752,113.9976,114.1982,115.058,113.6604,114.3166,114.592,115.2796,115.4811,115.0843,114.606,115.3436,115.1768,114.7208,113.9514,114.7869,0,0,0,0,0
112.622,116.6739,116.9954,114.9678,113.4259,115.9792,114.8979,115.6525,115.6787,114.3303,114.8553,112.2183,113.2942,112.9851,114.6825,114.7542,113.9626,114.2035,114.5272,114.8024,114.8098,114.2065,114.415,114.45,114.2596,114.0671,114.5596,114.5511,0,0,0,0,0
115.3299,116.8433,115.0339,112.6716,116.1172,116.576,114.1618,115.8911,114.7074,114.3687,115.1812,112.909,112.9502,114.2429,114.8526,114.7534,114.8545,114.9181,114.7354,114.665,114.5553,114.5034,114.4099,114.9397,112.714,114.3911,112.6525,114.7314,0,0,0,0,0
116.0206,112.7346,117.3082,112.4107,116.4395,116.414,116.1485,116.5643,114.3967,114.6498,114.6752,113.8169,113.1066,113.8405,115.2041,114.1702,115.5084,114.6336,112.9252,115.6226,115.3064,114.5161,113.2087,115.0348,114.1511,112.6311,115.6219,114.5957,0,0,0,0,0
115.5851,116.5318,116.1394,116.0466,115.86,116.0762,115.9661,113.6387,114.4525,114.6956,115.2205,113.8473,114.1114,112.7628,114.1451,114.6887,114.4173,114.8337,112.8798,114.0622,113.0104,114.4495,114.9696,115.094,111.5191,114.6886,114.4825,115.0922,0,0,0,0,0
115.418,116.0714,116.329,113.6758,116.6246,117.2334,115.1467,116.3396,114.5459,114.9959,115.5888,114.8877,115.5269,113.3831,112.802,114.1554,115.055,115.2889,115.1697,114.7553,114.9845,114.7915,114.6862,115.1428,111.4429,115.2981,113.3243,112.9526,0,0,0,0,0
115.5972,112.5419,116.547,116.0368,116.4635,116.7969,116.4693,115.838,114.9721,114.1355,114.9574,114.7489,113.5054,113.1217,113.6181,114.6886,114.3797,112.4079,115.0851,115.7587,115.5402,115.1893,115.109,115.4138,111.2653,114.6437,114.5727,115.2282,0,0,0,0,0
115.414,116.5856,116.8195,114.574,116.2376,116.104,116.3435,116.0005,114.7216,114.9311,114.9695,113.786,115.2916,113.9719,113.4768,114.8669,114.6008,114.6418,114.4709,114.9751,115.3788,115.508,114.7,116.1924,114.256,115.237,115.172,114.5946,0,0,0,0,0
116.0165,116.66,116.6875,116.2472,116.3391,116.6144,116.2317,115.7709,116.3831,113.9496,115.1073,114.2028,115.6634,112.881,115.8153,114.9949,113.2979,113.9036,115.0905,115.595,115.5105,116.0889,116.3555,113.224,113.05,115.0709,115.1779,114.9308,0,0,0,0,0
115.217,116.0801,116.842,114.9022,116.3126,116.1477,116.7419,116.4194,115.0505,115.5905,115.2302,114.2458,115.8529,114.3653,112.9963,115.1332,114.3869,114.7627,115.986,115.2734,115.2714,115.9146,115.5559,111.9289,111.5539,115.0839,115.0339,115.8397,0,0,0,0,0
111.4035,115.55,116.8946,113.5387,116.6798,116.6859,116.2582,116.2229,115.3873,114.6083,114.9447,114.8954,114.9174,114.9552,114.398,114.9419,113.156,114.6926,115.774,116.0525,115.8355,115.4822,116.313,115.6593,114.7059,114.7921,114.6254,114.7809,0,0,0,0,0
