108.0823,106.1982,109.2691,110.0109,109.5177,108.9951,107.1664,107.8967,0,0,0,0,0,0,108.5304,107.6022,107.2739,107.7997,108.4245,108.6552,107.6675,109.2896,109.6426,108.8452,108.7515,108.7324,111.067,109.4067,110.1022,110.0246,111.8987,112.0842,111.3224
107.0186,108.2616,107.8274,108.0475,107.0271,107.9197,106.809,107.5337,0,0,0,0,0,0,106.5655,107.4459,106.7334,106.4279,108.2596,107.4532,107.5862,108.2654,106.5823,106.3826,104.4441,107.8313,108.1887,108.301,107.7543,109.1397,109.6273,109.151,107.5757
107.6901,107.2302,108.2823,103.7253,103.6009,107.6869,104.1671,107.5445,0,0,0,0,0,0,105.4527,107.3298,107.1207,106.3191,107.5529,107.6855,107.2008,108.2245,107.1427,106.0328,104.2456,108.1779,107.0137,107.4612,107.3771,106.0233,105.8122,107.6582,107.2536
106.7992,107.3562,107.2946,105.7691,105.3569,107.6952,106.2025,106.527,0,0,0,0,0,0,106.5074,107.1955,106.5637,107.6884,107.4598,107.3726,107.6044,107.6535,107.2541,106.9186,105.0328,106.7151,106.1779,108.0789,107.722,106.1402,105.8202,107.9512,106.9127
107.533,106.4192,107.1867,103.4188,106.8606,107.9031,107.053,106.3505,0,0,0,0,0,0,107.5041,105.7742,106.3289,106.5266,107.3183,107.6735,108.5081,108.1259,107.0294,106.1839,107.7907,107.2371,107.5783,106.8187,107.8404,105.8709,105.6879,107.645,107.2242
107.8562,107.2685,107.7723,105.1317,103.3248,108.1406,106.7217,106.5561,0,0,0,0,0,0,106.3256,105.1825,107.2117,105.6406,108.2539,107.107,107.7969,105.9733,107.0544,106.6268,107.456,107.0427,106.3984,106.7251,106.5985,105.2978,105.0139,107.6568,106.3792
107.8589,107.1218,108.6039,103.3542,104.056,107.7795,105.9872,106.7928,0,0,0,0,0,0,105.1605,104.7774,105.6742,105.6823,104.4315,103.9183,107.3153,106.6495,107.1228,106.8665,106.775,108.9672,105.704,107.579,106.4572,104.6389,105.7132,106.9369,107.258
107.4481,107.1841,107.6119,105.8523,104.0533,106.5682,104.6158,104.7302,0,0,0,0,0,0,105.7536,105.0098,104.9471,105.2226,104.9254,105.3103,106.0888,105.0388,107.0177,106.1034,105.2929,107.6169,106.6502,105.5868,107.249,105.1497,107.876,106.911,105.9452
106.2038,107.3345,107.2944,104.0871,103.4662,106.0775,104.6041,104.1088,0,0,0,0,0,0,105.2973,105.0581,105.0362,104.9325,104.7869,105.7368,106.9718,106.4022,105.5848,105.1305,104.2723,106.3254,107.4121,107.8488,107.6279,107.8403,107.266,106.8615,107.7767
107.1093,107.0634,107.4443,107.4502,107.3044,107.568,105.2947,106.9357,0,0,0,0,0,0,106.7983,106.8787,106.1273,106.8111,107.2063,107.275,108.2599,106.9919,107.3047,107.6585,107.9561,106.4945,108.0625,108.6186,108.5201,105.7786,109.056,107.073,107.1433
107.6984,106.7721,107.8353,106.5151,107.6106,107.982,105.6044,107.0859,0,0,0,0,0,0,105.916,104.6571,104.962,106.638,106.9414,106.5083,107.6335,107.7283,108.7991,104.0847,107.7494,107.1092,107.6759,108.6013,108.4724,105.6991,108.5407,107.4746,108.2733
106.3779,107.187,106.4968,105.1457,103.2468,107.5193,105.1314,103.2756,0,0,0,0,0,0,105.7421,106.0098,105.8205,107.0193,106.2685,106.62,107.2605,106.8455,108.0645,106.05,107.6264,108.2666,107.2062,108.7119,109.2682,105.6853,109.2652,107.7657,107.5517
106.9908,106.8141,107.4443,108.4628,106.6304,107.2855,106.1193,106.022,0,0,0,0,0,0,106.0513,106.3157,105.441,106.6536,107.5632,108.0268,107.9947,107.8588,108.1358,105.1165,108.1473,107.931,106.5799,108.4193,108.8305,105.9678,109.0601,108.9289,107.5264
107.0854,107.4156,105.352,106.3417,107.4977,106.9893,107.3948,106.7426,0,0,0,0,0,0,105.5391,106.5324,106.5828,106.5339,107.3872,106.7146,107.0675,107.6157,106.2764,105.1115,106.9328,108.9272,107.2405,107.9676,106.6546,106.1656,108.6617,107.3932,106.8477
106.2012,105.936,108.2282,107.6147,106.7014,107.3336,107.0541,107.1883,0,0,0,0,0,0,105.5548,106.3333,106.0355,105.3246,107.8202,106.3285,107.2942,107.3389,106.1495,105.5316,108.0294,108.9098,106.6872,108.6122,108.4513,105.9006,108.8784,107.2574,105.3505
107.5574,107.2715,108.0087,105.316,105.6298,107.8247,107.4542,106.5347,0,0,0,0,0,0,104.4272,106.0503,106.2698,106.2075,106.8256,107.0382,107.8239,107.0446,106.4807,105.4049,106.2278,108.1931,105.3688,107.6635,106.7709,105.7893,108.8824,109.0063,106.4661
106.7337,106.559,107.3635,106.7758,105.3483,108.0734,106.9161,106.2843,0,0,0,0,0,0,104.6515,107.1314,105.8634,106.7676,106.4908,106.5848,106.5838,106.7115,106.5339,106.0629,107.951,107.9381,107.4246,107.6838,108.5781,109.292,108.3369,107.252,108.6023
107.0879,107.0348,107.1653,104.9316,106.4749,106.6219,106.7298,107.2647,0,0,0,0,0,0,105.5991,106.0898,106.5076,104.8183,106.0816,106.5953,107.0264,107.4193,106.2483,106.394,107.1361,107.7192,107.5201,108.5873,106.6446,109.7671,109.3535,108.7208,109.2479
107.2643,106.8568,106.6637,105.3225,106.1081,107.6425,106.8643,106.7392,0,0,0,0,0,0,105.9536,106.2845,106.2478,106.2645,106.0914,105.7674,107.7431,107.9799,107.6097,106.4952,105.9905,107.7568,107.9264,109.0621,107.2337,105.5692,109.4711,107.7126,107.7707
106.7368,106.3609,107.1197,103.676,104.7227,106.4513,107.1951,106.9471,0,0,0,0,0,0,104.7117,106.9883,105.8251,105.9888,106.7349,106.2113,107.1492,106.8704,105.5724,105.2476,107.3553,107.7783,107.0607,107.9076,106.2142,108.7323,108.9009,108.775,107.5848
106.7363,105.8734,106.3472,106.6058,106.4431,106.1992,106.5293,106.8136,0,0,0,0,0,0,103.8762,106.2041,105.644,106.2771,106.3689,106.6775,106.8565,106.731,106.1147,106.0584,106.804,106.9355,105.4701,107.7906,107.8136,104.9829,108.6956,104.609,106.8482
107.3185,105.9455,106.7865,104.8311,106.3302,107.2313,106.3793,107.1506,0,0,0,0,0,0,104.4135,105.7716,105.016,106.4363,106.1293,106.47,107.6337,106.0977,106.0108,103.344,101.5786,108.1454,106.6302,106.7527,106.1015,106.3968,107.4048,108.1024,107.6111
104.6997,105.1999,106.154,104.2379,103.7307,105.6118,105.3517,106.1465,0,0,0,0,0,0,102.1805,104.4895,104.2813,105.5529,105.2798,106.9452,106.6422,105.4574,104.9687,104.1334,105.699,106.8539,105.7728,106.5639,108.593,106.3288,107.6936,106.5687,106.2723
104.9916,105.0085,105.3685,103.5401,106.7698,105.96,105.5872,105.7788,0,0,0,0,0,0,102.6052,105.3679,105.8727,105.34,104.5669,105.2784,105.9271,105.2751,104.6774,104.4712,107.0073,107.3914,106.974,107.5395,107.3458,104.988,106.2019,107.5958,106.0882
106.1796,104.9917,105.7915,105.4951,106.2993,105.806,104.1443,105.2046,0,0,0,0,0,0,104.4385,105.2913,105.8253,106.007,105.7413,106.1459,106.7335,106.8783,104.7806,105.0607,102.6014,106.6209,104.3759,107.2117,105.9953,107.1617,106.151,106.415,105.7765
105.8732,105.8316,104.3662,102.9014,106.2173,104.5211,103.0588,104.3531,0,0,0,0,0,0,104.8489,105.4536,104.968,106.5908,106.1724,106.698,105.2579,107.3209,106.0355,105.2292,106.4021,105.5252,106.2886,106.9692,105.5851,108.1541,104.0966,106.4084,105.0017
105.5561,105.9557,105.8096,106.1603,106.3131,106.0241,103.8752,104.0808,0,0,0,0,0,0,104.2063,105.6196,104.9597,106.0144,105.6799,106.753,106.2211,106.8854,106.0249,105.3625,105.03,104.7958,105.577,108.5095,106.7754,104.423,107.8694,106.6073,107.6993
105.6435,105.8965,106.8276,104.1276,101.5531,106.9889,102.6674,106.0277,0,0,0,0,0,0,103.8943,105.2768,105.1854,106.4406,106.7446,106.1669,107.3267,106.6255,105.875,104.6914,106.019,107.1184,107.7618,107.7054,107.9265,104.3494,104.1717,106.1177,105.05
105.9246,106.16,107.6739,102.3896,101.712,106.6695,103.385,105.9872,0,0,0,0,0,0,104.4574,104.9501,105.2095,106.4445,106.2476,106.1649,106.9978,107.1497,106.5131,103.7616,106.4169,107.5426,106.066,105.5655,107.9944,105.262,108.1407,107.4267,106.3518
106.2553,105.7144,106.5905,104.4626,102.9421,105.9682,102.7669,106.0703,0,0,0,0,0,0,104.0231,104.8734,104.9214,106.611,107.0422,106.1002,107.5147,106.6511,106.1919,107.7526,103.2092,107.2269,105.5592,106.1543,106.2497,108.3181,105.0993,107.2166,106.5504
106.0286,104.8898,104.64,104.3405,106.3624,106.2463,103.2708,103.0507,0,0,0,0,0,0,104.1031,105.8072,105.2844,106.2367,106.8512,106.7384,106.6542,106.7693,106.1809,105.7503,105.5642,107.0232,105.7752,107.7573,106.6559,104.7395,105.3926,106.8449,106.8895
106.5754,105.5072,104.6874,102.3725,106.0007,107.355,103.6299,105.362,0,0,0,0,0,0,103.5451,105.7259,105.1295,106.1147,106.2251,106.7531,106.9693,107.5859,106.8085,105.1722,106.1855,106.7687,105.5867,106.9079,107.1455,108.9033,104.4333,107.2067,107.6025
106.5855,105.6879,104.6053,103.8522,102.3448,107.1535,103.4167,105.8816,0,0,0,0,0,0,103.7223,104.8546,105.2331,105.6523,106.2958,105.7895,106.1768,106.9999,106.3888,104.7214,104.9335,107.6173,107.0374,106.8325,107.1827,104.6387,102.4376,107.0294,107.6126
106.5428,106.393,104.7291,104.8201,102.6056,105.9865,103.7544,106.4275,0,0,0,0,0,0,103.8202,104.9929,105.9058,105.3885,106.0575,103.9688,106.6514,106.144,105.6372,106.2331,106.5662,108.2345,106.2373,107.9028,108.3299,104.8759,105.3802,106.8025,107.2215
105.9345,105.5582,104.6321,104.4926,103.0725,106.1871,104.0589,104.2568,0,0,0,0,0,0,103.9481,105.3789,104.39,104.9371,106.5175,106.1922,106.2685,106.8789,105.9114,103.4845,103.2834,106.1498,107.0597,106.821,107.9541,105.393,102.2,107.7203,107.3625
106.4781,106.3058,104.7327,105.4985,102.1036,106.8636,103.8545,106.3866,0,0,0,0,0,0,105.5533,105.3804,105.1425,105.7821,106.0318,106.4035,105.5696,104.1251,103.8624,105.2763,105.9712,105.6131,106.473,106.1163,107.4123,105.7103,105.0471,106.4344,107.0206
105.7538,106.3696,104.8239,104.9705,105.1291,106.5218,103.7891,106.5138,0,0,0,0,0,0,105.2546,105.2601,105.4853,106.1812,105.7744,105.6546,106.1907,108.208,105.7692,105.1235,106.5534,106.3745,105.7123,106.4036,106.6532,104.7432,107.0101,107.079,106.6943
106.5542,106.3496,106.7568,104.6111,105.3074,105.8035,103.1319,105.8396,0,0,0,0,0,0,105.5195,104.6986,104.8666,106.4574,105.9267,106.1985,106.3922,106.2675,105.7164,104.0428,105.6176,107.4046,105.5853,107.0208,107.5985,105.2286,105.0627,106.2544,107.0014
106.0766,106.6852,107.0221,104.4653,105.4586,104.9211,103.0781,105.8573,0,0,0,0,0,0,105.6397,105.8677,105.3736,105.4166,105.4913,105.5154,105.5532,106.7145,104.5502,106.1177,105.1766,106.3215,106.096,106.0202,106.2324,104.4074,104.9689,107.2282,107.8516
107.1374,106.3734,106.4739,104.6409,102.5422,106.3419,105.9332,103.7853,0,0,0,0,0,0,105.9101,105.5426,105.3816,105.3442,106.1408,105.8505,106.5298,107.0984,106.0686,105.9075,105.7501,105.6036,104.6234,106.1643,106.8456,104.8046,104.9033,106.8347,106.8192
106.9919,105.7238,106.5223,104.5166,102.8977,105.9943,105.917,106.3578,0,0,0,0,0,0,105.9266,105.5104,105.1673,105.5902,105.1058,106.4231,106.6937,106.6116,106.2536,105.2684,102.9558,105.0623,104.1394,105.9138,105.909,105.349,104.5497,106.8623,106.6057
106.604,106.3623,106.3478,104.372,105.8197,106.325,105.8322,106.3535,0,0,0,0,0,0,104.4516,105.0856,105.244,105.7406,106.1041,105.6792,105.6847,106.9456,106.1785,103.9535,103.9235,104.9788,105.0593,106.6752,108.0267,105.1143,104.5767,103.4266,106.2785
106.3363,107.2056,106.5696,105.3351,103.6316,105.6956,106.4549,106.4686,0,0,0,0,0,0,105.2696,105.1838,105.065,106.1422,105.7603,106.8276,106.5686,106.7174,105.5433,105.8789,106.9823,106.1392,106.1044,107.42,105.9407,105.3202,104.5954,106.786,108.3611
106.0246,106.6707,106.6747,105.1257,102.3137,106.5949,104.9725,105.9571,0,0,0,0,0,0,105.2549,105.2767,104.6518,104.7156,106.2339,106.0886,106.2999,106.0383,105.7998,103.582,104.6599,106.7391,105.266,107.1304,108.0397,103.3798,104.9554,106.7313,106.6562
105.241,106.0772,107.2016,104.5005,105.7244,106.1367,105.4039,106.4756,0,0,0,0,0,0,105.6393,105.153,103.9919,104.5378,106.0816,106.4775,107.6556,106.5852,104.8541,103.0274,105.9965,106.257,105.5516,105.9201,106.0811,104.8402,104.227,106.4961,106.5437
106.6067,105.9528,107.0368,106.2261,102.4094,106.3703,105.4221,105.5532,0,0,0,0,0,0,105.784,103.8717,105.2515,104.9969,105.6689,103.602,106.898,106.7053,105.2418,105.0906,106.0465,105.0727,104.585,105.1182,107.3589,105.1677,104.5917,107.2188,107.1606
106.2042,106.3958,106.6994,104.5669,103.1622,106.8165,105.1989,105.6567,0,0,0,0,0,0,105.6624,102.9031,105.0375,104.2446,105.7833,105.8043,106.7677,106.8105,104.6039,102.8351,105.5097,106.8647,104.5478,104.8081,106.7906,104.8764,105.0767,107.2649,106.6914
106.7826,106.0591,106.0772,101.842,101.6062,105.8288,105.8385,105.7674,0,0,0,0,0,0,105.1924,103.3423,104.0304,104.4949,106.5409,105.675,105.7911,106.3588,105.6142,102.0872,106.7105,107.8191,105.1093,105.182,106.6228,105.6179,104.788,106.8375,104.3037
104.1327,104.5354,106.9445,104.7429,102.7378,105.7734,103.1694,106.5378,0,0,0,0,0,0,103.3638,103.2554,105.372,105.1452,105.1014,104.8363,104.9682,107.0399,105.118,102.9675,104.2082,104.7333,103.8432,106.4431,104.0197,106.1005,106.8753,108.2556,106.4584
106.1812,105.8986,106.496,103.9916,101.9133,105.1357,105.788,105.5694,0,0,0,0,0,0,104.5422,103.4739,105.145,106.9441,104.7781,105.5421,106.2155,106.4367,104.4712,106.1239,105.5574,104.7419,106.0859,106.71,105.0969,104.7495,104.7941,106.4719,106.2352
106.3035,105.4133,105.8074,104.6818,102.5204,106.2335,106.0589,105.8825,0,0,0,0,0,0,104.6672,103.36,104.4312,104.1131,104.7815,105.7621,106.4431,106.2292,104.6209,101.6087,106.535,106.6871,106.6066,106.3744,105.1314,104.6462,107.255,106.1934,105.8219
105.7608,105.1538,106.5724,104.6574,102.6137,105.4286,104.8449,105.5949,0,0,0,0,0,0,105.0353,102.9142,102.3342,104.7101,104.6761,105.1129,106.8838,106.421,105.3468,101.3603,107.0991,106.3773,103.9525,105.7971,105.7735,104.7594,105.0868,106.7657,106.7185
106.436,105.2502,105.6762,104.8433,102.3372,105.0785,105.0097,105.387,0,0,0,0,0,0,105.0372,102.1869,104.2596,104.3769,105.2994,105.0333,106.1484,106.068,104.4691,102.2197,106.201,106.4459,103.0722,106.514,106.2677,105.034,104.4254,106.595,106.6898
106.1618,105.9864,104.4529,104.7087,103.0846,105.8491,105.144,105.8097,0,0,0,0,0,0,105.8142,103.7717,105.034,104.5853,105.4347,105.8659,106.7809,106.2395,103.9702,106.3085,104.5524,105.5728,105.2975,107.2304,105.8251,104.5677,104.9351,106.9792,104.3487
106.4199,105.4502,104.8744,104.8211,102.7472,105.9622,105.2435,106.3313,0,0,0,0,0,0,105.5131,104.0179,105.1835,103.9154,105.7863,105.8337,106.0063,106.5026,106.0452,102.2217,106.4797,106.7894,104.8001,107.4998,105.7226,106.7208,105.4103,107.3093,106.6703
106.1333,105.6844,105.4612,104.8177,101.9922,105.6924,105.4089,105.6603,0,0,0,0,0,0,105.5737,103.3506,105.2307,104.7249,105.5546,106.3527,106.6559,105.9591,105.3574,101.7592,105.4825,106.5649,104.5713,108.074,106.358,104.6066,104.884,106.6842,106.7822
105.9183,105.8738,106.5342,101.9893,101.7871,105.6325,105.7554,106.0258,0,0,0,0,0,0,104.1475,103.9746,104.3125,104.432,106.6879,105.3018,107.004,106.1044,106.0917,104.3484,105.4993,106.0324,106.6238,107.1543,106.2243,107.3686,107.0237,107.396,107.1553
105.6834,105.8392,107.1861,105.1249,101.9548,104.6811,105.9775,105.6364,0,0,0,0,0,0,105.7746,104.0322,104.9374,104.1645,106.2442,105.3242,105.7026,105.9374,104.0368,102.2648,103.0037,105.522,104.5841,108.092,106.7375,104.6216,104.6873,107.1516,106.9845
105.9877,106.4366,105.8741,102.4759,102.5234,105.5409,104.4905,105.1956,0,0,0,0,0,0,105.4638,104.0409,105.3041,104.4415,106.2572,105.4879,105.4261,106.4324,104.5062,104.7033,103.2276,107.4758,104.8193,108.0861,106.3311,100.8288,105.2997,106.8454,107.7166
105.734,102.3611,106.1487,103.7927,101.7839,105.2181,104.7299,104.7961,0,0,0,0,0,0,104.6952,103.5059,105.6387,104.1238,106.3895,103.8649,105.8272,105.2268,106.3794,105.9929,106.4017,106.8292,106.454,107.7205,106.0553,104.6997,105.2755,106.6389,105.9673
105.9223,106.2863,104.5554,104.2222,104.0749,106.5969,104.1881,105.1832,0,0,0,0,0,0,103.7663,103.2859,104.8271,104.8346,105.0205,103.1466,106.5185,106.0299,106.5429,101.8115,105.7933,106.929,102.8749,108.4889,108.0072,104.7672,104.7452,106.6888,108.3344
106.0745,106.3744,105.0574,102.165,99.7633,105.2834,105.1462,105.4485,0,0,0,0,0,0,104.6916,103.505,104.5813,106.5029,103.401,103.4929,105.9144,106.4203,102.6621,104.0702,106.4536,106.2247,106.6545,105.1839,106.0204,104.8338,105.0804,105.8803,106.4048
105.0945,105.1241,104.7667,104.893,103.0446,106.7709,105.1692,105.9346,0,0,0,0,0,0,104.9228,103.9179,105.5214,105.28,105.0142,103.9575,103.6274,104.9161,104.6288,104.5611,103.0437,104.9348,105.5528,104.1915,106.143,105.0237,104.999,106.9556,106.9928
105.0727,105.6612,104.7403,104.0977,102.8608,106.2226,105.7558,103.5387,0,0,0,0,0,0,104.6261,104.2222,104.9902,104.7364,103.4944,102.4417,106.4564,103.4463,104.1247,105.8383,105.7606,106.9294,105.0974,105.0222,106.0531,105.0682,106.7637,106.722,106.5499
105.741,105.4968,105.9107,104.1072,100.1046,105.5531,105.8692,106.2028,0,0,0,0,0,0,105.1879,103.9156,105.3667,104.6482,104.0232,102.4729,106.3878,105.6336,104.819,103.4071,104.5316,104.4328,104.9683,106.1629,106.6939,105.0288,104.8192,106.7955,106.817
105.6058,105.7504,105.3082,106.3248,105.9202,105.955,104.7459,105.6719,0,0,0,0,0,0,104.3307,103.4293,104.6695,103.3879,103.5372,103.2352,106.5274,103.6276,105.3318,103.3459,106.4475,106.568,104.3107,105.3389,105.699,104.9637,105.0606,107.6929,106.7979
105.8011,106.0557,106.3967,101.594,102.418,106.2899,105.5302,104.4808,0,0,0,0,0,0,105.059,103.6176,104.9566,103.5667,103.6699,103.9433,105.4605,103.1699,105.0699,102.2229,106.7511,104.3981,105.1139,104.6256,106.3825,104.1638,104.5049,107.8375,106.6155
105.3785,105.3867,104.2817,104.9061,102.5526,105.3586,105.6644,104.8534,0,0,0,0,0,0,104.0896,103.7666,104.9506,103.576,103.7798,102.8676,105.797,103.8874,106.4009,106.2953,103.0644,106.3025,106.1132,106.5962,106.2486,104.2074,104.2791,106.5332,107.0905
102.3021,105.4319,105.2335,104.4303,101.3074,104.9357,104.7607,105.3939,0,0,0,0,0,0,104.2452,103.2973,104.4051,103.9648,103.3364,103.0731,105.7331,103.6525,105.2855,106.0862,104.9229,104.6803,106.1339,106.0723,106.9587,104.2447,105.9484,106.7281,106.4008
106.0177,105.0311,104.9068,103.7088,102.2396,105.5609,104.7444,105.6425,0,0,0,0,0,0,103.6679,103.9389,104.6689,104.0061,103.4897,103.6635,105.6735,105.1194,104.9619,104.1405,103.9696,106.2594,104.5389,104.8229,106.9989,104.8873,104.7872,106.6041,106.5452
105.0295,105.9908,105.3452,103.6226,101.5035,104.1545,104.0783,106.8839,0,0,0,0,0,0,104.9651,104.5243,105.8825,104.3205,103.2137,102.8737,106.7178,105.4122,105.5616,101.8298,102.7398,106.5446,104.8576,106.2627,106.2956,104.2083,104.5625,107.1411,106.1096
105.6323,105.6952,104.506,103.3895,105.4373,104.9067,99.8854,102.5446,0,0,0,0,0,0,102.856,104.6875,105.1066,104.2723,103.0997,102.7968,106.271,106.0309,104.2881,106.7387,105.3835,105.1438,104.2896,104.911,105.5021,105.068,105.6458,106.3779,106.1207
104.1569,104.7914,105.05,102.9376,100.7543,102.8897,101.9048,104.7133,0,0,0,0,0,0,102.8387,104.6753,103.4168,102.3969,98.861,102.4932,105.1825,103.7921,104.144,103.3653,101.219,104.8846,104.0847,104.3532,105.5689,103.9138,105.164,106.6176,104.6511
98.4767,104.1705,101.2178,102.5427,102.8589,103.312,104.5646,105.2835,0,0,0,0,0,0,102.0049,104.6443,103.1405,101.9703,101.9658,102.9675,104.6043,103.0721,103.3062,100.6994,101.6543,104.3209,102.7574,104.1316,105.7591,102.9405,103.5879,105.1551,104.9345
106.414,105.4496,104.1784,103.6349,104.5723,104.0977,104.5109,101.586,0,0,0,0,0,0,103.5939,103.1684,103.7768,103.8272,102.7564,103.5756,104.9318,99.469,104.7286,103.8389,104.2981,105.4812,104.568,104.7305,106.8724,103.7074,106.036,103.2895,105.3764
105.0699,105.1356,103.5572,102.3594,103.0425,103.8598,103.2897,104.7824,0,0,0,0,0,0,102.583,103.5929,101.6182,103.6794,103.6702,97.7077,106.5733,104.3626,104.1891,104.6592,103.5374,104.4127,104.2767,103.6005,106.6631,106.2547,104.58,104.9754,105.7224
101.2213,104.8203,105.7793,101.8547,103.302,104.8139,104.1973,104.8886,0,0,0,0,0,0,102.8115,103.0445,102.8941,103.496,103.4434,103.6164,104.3524,104.859,105.5387,106.6581,102.2729,105.396,105.0724,105.6995,107.2492,104.4239,105.0951,106.2234,105.7126
105.0492,105.581,105.3378,103.8811,101.5267,104.3754,104.2276,105.0369,0,0,0,0,0,0,103.763,104.6303,104.0134,104.5159,103.6029,103.9029,103.9116,104.5121,104.3024,106.9582,106.3912,105.4082,105.1869,105.5798,106.6548,103.5779,103.8187,106.929,106.0554
105.0063,105.858,104.2627,105.2728,103.6063,104.3287,101.3227,103.4489,0,0,0,0,0,0,103.2913,103.5555,103.0765,102.7476,103.8957,103.1977,104.2379,106.1541,104.4549,100.925,105.3651,107.061,104.8811,104.5885,106.0676,105.0635,106.3458,106.8244,107.3222
105.1001,106.0887,104.4561,103.791,101.7537,104.8194,102.0056,103.8656,0,0,0,0,0,0,105.0558,103.2476,103.4735,104.3514,103.5021,102.0159,104.2316,104.176,103.4679,103.7675,103.5172,105.0692,104.3738,106.6478,106.0786,105.4654,104.6273,107.1877,105.621
104.9245,105.3759,105.3544,104.1616,105.5925,103.6289,102.4217,103.4578,0,0,0,0,0,0,104.211,103.2435,102.3786,103.1224,102.993,104.1873,103.3442,98.5019,104.7059,102.5795,103.4729,106.718,104.7114,105.6479,106.281,103.8938,107.5482,107.4867,106.5961
106.0034,105.4187,105.2635,102.4144,101.994,105.6607,102.9293,100.0965,0,0,0,0,0,0,104.1795,103.2213,102.6809,104.0926,104.0669,104.757,104.0615,104.5223,103.2498,102.6701,105.1254,107.1405,105.2971,106.0678,106.2532,104.8051,105.1976,107.0849,107.592
106.0248,105.1374,105.4443,105.6548,103.9188,103.679,104.9252,103.5242,0,0,0,0,0,0,104.1616,103.5357,103.6091,102.9186,103.5147,103.5201,104.1875,104.0238,104.7078,104.1127,104.06,105.5387,104.5346,104.2876,107.4261,104.7681,104.8704,105.7241,107.3484
104.5249,105.4432,104.2776,99.947,104.9964,104.0709,102.5399,102.2588,0,0,0,0,0,0,102.8592,104.8696,102.8291,103.8483,103.1298,102.6245,103.363,105.0595,102.67,105.3773,106.524,105.8487,104.6433,106.0757,104.8802,104.9515,103.9836,106.3623,106.3621
105.6396,105.261,103.0391,104.3756,104.7828,103.6798,102.6754,102.4464,0,0,0,0,0,0,104.1368,105.3004,103.5936,103.2974,102.7327,103.6623,105.0466,105.8082,106.0574,102.4894,104.7508,106.2717,104.3389,105.87,104.4299,104.3619,103.4276,107.2157,107.104
105.5742,105.9255,105.5397,103.7306,105.1449,101.2132,103.2612,104.7457,0,0,0,0,0,0,103.5469,104.2649,104.4885,104.2691,103.0026,103.4154,104.4888,105.0437,106.0999,104.831,108.0149,105.6037,105.2449,104.6185,105.024,105.1952,105.9028,106.1898,105.4538
105.8414,106.013,104.7949,105.6341,101.0685,103.3954,98.3962,104.3249,0,0,0,0,0,0,103.7171,104.6539,104.0944,103.3938,102.4129,102.8212,104.7534,103.6663,106.362,106.0473,105.8826,104.343,104.6833,107.1418,105.7339,103.775,103.3744,105.683,105.4944
105.6747,106.1287,104.5108,103.5685,104.6931,103.6194,102.9397,103.265,0,0,0,0,0,0,103.9247,103.6317,103.3005,104.5632,102.567,102.8546,103.8163,103.6101,105.36,105.4607,104.4872,104.6726,104.4178,105.3646,106.6166,103.7213,103.7903,105.4965,106.6089
105.6382,101.0043,105.7075,105.3875,101.2882,103.7628,104.3776,105.1978,0,0,0,0,0,0,104.1875,104.1433,104.0428,105.5969,102.7971,102.4941,106.0541,103.4038,102.7504,101.5455,104.6323,104.7578,104.069,105.9594,105.5563,102.1801,105.7181,105.7542,106.5329
104.9936,105.7452,105.6912,103.7461,105.383,103.7709,102.2358,104.0208,0,0,0,0,0,0,104.3707,103.6062,102.1911,104.9555,102.5728,102.8532,106.7783,104.1816,102.9539,102.8867,105.8964,104.862,104.957,104.6516,104.7898,105.5017,103.792,106.5078,106.2732
105.2209,106.2288,104.1984,104.3093,101.7864,103.9971,102.8328,106.0962,0,0,0,0,0,0,102.8555,105.4888,103.1438,100.8346,105.3697,102.3736,105.2654,103.0596,105.4809,104.3155,101.9588,106.3353,105.1833,106.2345,105.9029,103.9029,104.6719,106.341,106.1474
105.485,105.5876,104.2269,104.5253,101.6783,103.7892,102.7535,104.283,0,0,0,0,0,0,102.9696,103.4281,103.6387,103.639,101.9283,102.8799,103.8737,106.0279,104.6489,101.2774,104.3349,104.2128,105.3408,105.406,106.0516,104.4713,104.9387,105.9585,105.5944
105.5234,105.8581,106.5709,105.7547,104.5959,103.5743,102.4726,101.8738,0,0,0,0,0,0,103.8366,103.2957,103.0561,103.1127,102.68,102.5032,103.7017,104.0513,106.2956,105.9924,103.8126,105.2901,105.4853,104.9591,106.0025,104.4848,104.3505,106.4491,105.9687
106.5474,105.7357,105.4071,105.3652,101.2615,103.7016,101.5977,102.4526,0,0,0,0,0,0,103.6918,103.4672,103.7747,102.554,103.1625,103.4997,102.6101,103.6407,105.1775,102.4906,101.8779,104.5871,105.3569,106.4451,105.7739,104.3609,104.4101,106.9939,105.8494
105.0226,106.0733,105.297,103.7727,101.3255,104.0102,102.9215,102.5314,0,0,0,0,0,0,102.5462,103.6164,103.2074,103.1422,102.3267,99.9944,103.0342,103.3826,103.8826,105.2502,102.9057,104.2065,106.7667,105.0752,105.9709,104.1518,103.6418,106.2851,105.911
106.2132,106.4176,104.8619,105.4216,100.8961,104.4941,102.7929,102.7272,0,0,0,0,0,0,102.6805,98.8837,103.05,103.503,103.3233,98.5003,102.6339,103.6771,103.9017,103.8723,102.2905,104.4119,106.504,105.6001,105.0403,105.84,104.9396,106.6882,105.248
106.5706,105.9673,104.8477,105.0892,101.7552,103.8079,102.6669,104.2261,0,0,0,0,0,0,103.2918,100.6611,103.3888,104.631,97.9996,103.8959,104.1883,103.6601,104.316,105.2682,102.4812,104.9025,105.7876,105.4201,105.6442,103.9712,104.3873,106.41,106.3413
106.6068,106.4271,106.3525,103.2194,102.0072,104.871,100.9385,103.1682,0,0,0,0,0,0,103.5187,103.3632,103.4266,103.5073,102.9147,102.7987,104.6113,103.2512,103.4815,102.6722,102.7138,105.232,105.6505,103.8606,105.1787,103.9095,104.2275,106.1193,105.9923
102.8718,105.1561,106.981,105.4813,105.9095,105.9545,100.9555,103.8577,0,0,0,0,0,0,102.9886,101.606,105.0399,105.2967,104.6458,102.7568,104.301,103.2512,103.4815,102.6722,104.6547,104.4963,105.5061,106.3233,105.1787,103.9095,104.2275,106.1193,105.9923
107.0133,106.4358,105.9003,105.9696,106.2436,106.4562,106.0439,102.3347,0,0,0,0,0,0,105.0658,103.855,104.6717,104.9256,105.6213,105.5379,106.318,0,0,0,106.4798,106.7752,107.307,107.5141,105.1787,103.9095,104.2275,106.1193,105.9923
104.3844,106.445,106.1293,105.4531,106.2636,105.8097,103.9362,104.7101,106.4668,106.4994,106.4273,105.4468,106.1427,103.0369,103.9164,104.0088,104.9706,104.6978,105.2498,102.3244,105.7945,0,0,0,106.3983,106.8423,106.6691,106.9945,0,0,0,0,0
106.0718,106.0655,106.7453,105.7345,105.7121,105.7888,105.6047,104.526,103.6324,103.9704,106.2939,105.4773,103.1991,103.0712,104.3675,104.253,104.7846,106.2715,105.6106,105.9091,106.4713,0,0,0,107.2092,106.9218,107.2983,107.6037,0,0,0,0,0
106.8247,106.9222,106.2612,105.8336,105.6772,106.0997,103.6374,105.0138,103.1599,103.9135,104.8193,103.0381,103.4375,101.6843,105.5237,104.4628,104.4479,103.3725,105.2803,105.6521,105.8423,0,0,0,106.5083,106.9064,105.8674,106.9038,0,0,0,0,0
106.8075,106.9226,107.3151,106.0249,105.4083,105.5251,105.6851,103.1109,104.1027,104.0713,103.9172,101.3026,102.1293,100.5197,105.0308,106.2036,104.8797,105.4003,103.68,105.7144,105.8332,0,0,0,106.2512,107.4106,107.1105,107.5791,0,0,0,0,0
106.9315,106.5182,106.5871,106.3894,105.3346,105.952,105.8044,103.4029,104.0134,103.9583,104.941,104.7907,103.575,103.989,105.0028,105.2436,104.2401,105.2937,105.4717,105.7783,106.2878,0,0,0,106.1512,106.7202,106.7126,106.9152,0,0,0,0,0
105.8283,106.2738,106.8857,104.1835,105.7566,107.0467,105.1715,102.7766,100.7771,105.3138,103.9721,105.5544,104.6358,103.5365,104.7328,104.1383,105.5733,105.0379,104.9832,105.8277,106.0766,0,0,0,106.5592,105.3924,106.8897,107.3196,0,0,0,0,0
106.8764,103.6341,106.6749,106.3445,104.0334,106.2328,105.3223,105.7439,104.3344,104.8581,103.1982,103.0403,106.4298,104.0733,104.5438,105.2531,105.1008,105.8021,105.575,105.7241,106.1626,0,0,0,106.6164,106.7965,107.1728,107.3996,0,0,0,0,0
106.8602,105.7033,106.1943,105.8476,104.9255,104.4312,106.138,106.7983,103.233,103.2675,104.2649,106.5954,105.1549,103.1755,104.427,104.8363,104.7728,105.2781,104.777,105.1303,105.6298,0,0,0,106.0091,105.4134,106.6123,106.9285,0,0,0,0,0
106.6824,106.453,106.3673,106.7935,105.4284,106.2275,107.0363,104.5597,104.6742,106.1554,104.144,105.3703,104.4568,104.0226,105.4437,105.4835,105.5258,105.5167,105.2203,104.9966,103.8798,0,0,0,107.2732,106.1996,104.6349,107.5557,0,0,0,0,0
102.0759,106.3494,106.8252,106.438,106.0333,106.8397,105.1016,105.9489,104.156,104.4098,104.5383,102.4943,104.5874,103.8211,104.4458,104.9629,105.0666,105.7336,105.2155,105.7258,106.5305,0,0,0,106.5062,106.8662,106.7849,107.2614,0,0,0,0,0
106.053,106.7943,106.8819,107.3363,105.1373,105.6697,106.3474,105.4324,104.9314,104.7666,105.6876,105.1561,103.7743,104.7573,104.6313,104.4389,104.5727,104.9136,105.5489,106.1416,105.8432,0,0,0,106.1974,106.9877,106.5949,106.7833,0,0,0,0,0
104.2797,106.4836,107.0855,104.5597,106.5888,106.4126,104.7714,105.9052,105.4574,104.3494,105.5107,103.2373,103.3111,103.1029,104.4579,104.7932,103.105,105.207,105.8865,105.4238,105.8003,0,0,0,105.7614,106.5374,107.3176,107.61,0,0,0,0,0
106.2487,107.5047,107.0784,107.0694,106.044,106.0724,107.0168,105.8853,105.2421,106.4725,105.1979,103.9937,103.8048,104.1991,105.0799,104.76,105.2412,104.3799,106.255,105.5598,106.7396,0,0,0,106.475,106.1377,107.3199,107.2577,0,0,0,0,0
106.0333,106.6728,107.0454,106.4972,106.5394,106.3103,106.8156,106.1813,104.9923,104.4905,105.3233,103.8486,103.9635,103.9381,103.8913,105.5599,105.2588,105.8154,105.8458,105.8357,104.1293,0,0,0,106.4048,106.676,107.675,106.8785,0,0,0,0,0
106.9265,105.9773,106.0371,105.8996,106.9818,106.6482,106.5872,106.6502,104.9259,104.9012,105.1358,103.9464,104.2244,105.5167,104.9628,105.7106,104.5416,105.2816,105.7565,104.9415,106.7939,0,0,0,106.5701,106.5815,107.1033,107.5122,0,0,0,0,0
106.0595,106.7022,105.5198,106.4539,106.8342,105.9145,105.9346,106.839,104.8781,105.0955,105.4172,103.1184,103.8102,105.3255,105.1041,105.5264,104.5906,105.2854,105.7371,105.0466,107.3753,0,0,0,106.4241,106.7445,106.7882,106.9827,0,0,0,0,0
107.6355,107.2352,105.2643,106.6992,106.8086,106.9573,107.3015,103.4552,105.1789,104.8901,104.4306,103.2723,104.5705,103.9149,105.1609,105.8108,104.593,105.4998,105.9262,106.7474,104.762,0,0,0,106.9278,106.8165,106.5391,106.7036,0,0,0,0,0
107.203,106.8267,106.0454,106.6636,106.1957,107.1507,106.9598,105.8715,104.7463,104.6672,105.2839,104.6021,103.6718,104.538,105.1178,105.1635,105.9838,105.8513,105.8358,106.4648,107.2176,0,0,0,107.0303,106.8452,107.1264,107.4026,0,0,0,0,0
105.4771,107.891,105.633,107.1211,106.7209,106.5935,106.124,106.6216,104.5672,104.9108,105.481,104.605,105.522,103.8433,104.088,105.4724,105.7508,106.7649,106.3157,106.104,106.5506,0,0,0,105.9421,107.1919,107.1345,108.3883,0,0,0,0,0
107.6059,107.1797,106.7156,106.8257,106.8513,107.2357,106.0119,106.0779,105.4427,105.2942,104.9957,106.6132,104.5366,103.3243,105.0879,105.7256,105.1713,104.9155,106.4847,106.3029,106.5431,0,0,0,107.0022,107.4211,105.9066,108.0889,0,0,0,0,0
107.3746,106.4002,105.8188,104.2549,106.2646,107.1443,106.26,105.9242,104.9817,105.0037,105.6087,103.6718,104.0528,104.2151,105.2726,105.0888,105.6277,106.0326,105.9542,105.315,107.0521,0,0,0,106.6962,107.6332,106.6252,106.8654,0,0,0,0,0
101.6412,106.599,105.8508,107.3374,106.9484,107.7238,106.0259,106.1124,104.7837,105.8088,105.9019,104.3925,104.5546,104.807,105.558,106.2545,105.9734,106.6495,106.1886,106.4606,107.9071,0,0,0,106.5978,107.4242,107.2065,107.2725,0,0,0,0,0
103.1412,105.2947,106.7082,107.0264,106.9811,105.2492,104.7956,105.4516,105.8163,105.9425,104.3095,103.1146,102.8671,103.3794,104.8633,105.6472,105.9626,104.417,105.932,105.0356,105.7288,0,0,0,106.9185,107.3672,106.9082,108.5897,0,0,0,0,0
106.7059,105.5167,105.8273,105.9555,105.0209,105.5729,106.6002,104.2667,105.2639,105.4437,104.4415,102.8886,102.7281,105.1941,104.6412,104.7078,104.2641,104.8427,105.4038,105.5059,106.0748,0,0,0,105.169,104.7938,106.1135,107.274,0,0,0,0,0
108.0292,102.8544,105.4861,104.6642,107.3673,106.6385,106.2312,106.6259,105.6211,105.3897,106.3537,104.6538,104.7669,104.4685,106.107,103.4552,105.9284,105.4249,105.9792,106.7648,106.2716,105.5385,109.0035,109.5532,106.2899,105.05,106.8303,107.5131,0,0,0,0,0
107.6019,105.9392,107.3536,104.0503,105.7675,106.8051,106.6675,106.5296,105.2806,105.8821,106.2104,104.4156,103.5767,103.9028,105.28,106.5333,105.6241,106.564,107.4303,105.544,105.7725,106.7061,107.2525,109.4106,108.6742,107.9951,106.5118,106.2888,0,0,0,0,0
107.6319,107.2574,106.0919,107.8717,104.6385,107.1059,106.9566,106.1432,105.3387,105.9457,106.7226,104.5329,104.9037,104.4425,107.2173,106.0566,106.201,107.4454,107.368,103.2206,107.0467,107.3373,107.0484,107.6043,108.1458,108.6677,107.3499,108.8878,0,0,0,0,0
108.4475,107.8612,106.1457,107.2226,107.5128,107.9436,106.8252,106.2565,105.9642,106.0232,106.6156,105.1211,105.5416,105.0918,106.4019,105.9914,107.1591,108.0273,106.4552,106.0175,107.0622,106.2714,107.444,105.3912,107.5438,107.9145,105.5145,108.1051,0,0,0,0,0
107.9137,107.9236,107.1012,105.1231,107.2585,107.7645,107.2245,107.1153,106.3059,105.7641,106.0759,105.9484,105.1826,105.0218,105.9001,106.7337,105.8519,107.2634,107.383,106.5025,107.0599,106.8471,106.9125,105.0481,107.5472,108.4251,107.1827,107.2561,0,0,0,0,0
107.8868,108.8523,106.7138,107.0411,106.2747,107.4524,106.7123,107.1855,105.6687,106.3358,108.2611,104.742,105.4657,104.3842,106.6419,106.7054,105.8187,107.2163,107.0865,106.1651,106.0419,106.4889,106.9905,107.0028,107.2666,107.9235,107.8032,108.3269,0,0,0,0,0
107.8641,108.4062,107.7498,106.5472,106.8708,107.0202,107.2507,105.207,105.1813,106.3381,106.4737,105.1844,104.3895,104.1988,106.3551,105.9187,106.252,105.832,105.1259,106.1751,107.7152,107.2071,107.2966,106.4407,108.1458,108.9182,106.2868,108.358,0,0,0,0,0
109.1365,108.2636,107.84,106.0405,106.6059,108.4952,107.525,106.7206,105.4417,106.3168,105.0664,104.9995,104.0978,103.7407,106.2008,106.5227,106.1659,105.1031,106.532,107.0151,105.6142,107.5999,105.7029,107.3253,107.8321,108.5202,107.4164,108.5606,0,0,0,0,0
108.6956,107.7625,107.6903,105.9313,106.5384,107.5353,107.0263,107.2301,106.6335,105.6536,106.0287,104.8003,104.4153,104.8499,106.5315,105.8994,105.3889,106.6553,106.262,104.8086,107.5185,107.1359,107.054,107.5731,108.5325,109.3432,105.4686,108.0939,0,0,0,0,0
108.3054,105.3533,108.7017,108.6192,106.4959,107.6097,107.4172,106.7006,105.9083,105.1818,105.6104,104.7886,103.8627,104.9856,105.7707,106.354,106.201,106.3782,104.7801,106.1537,107.547,106.9057,107.562,107.307,108.1658,106.9913,108.0987,108.3277,0,0,0,0,0
108.0658,109.1957,107.6783,107.261,106.3249,107.3554,106.5433,106.7143,106.4896,105.0213,104.7795,103.9747,104.8302,105.0283,105.3204,106.5199,105.8059,106.8841,107.0756,103.5761,106.9666,106.7461,107.8463,108.3144,108.1174,108.4084,107.922,109.1582,0,0,0,0,0
104.49,109.2801,107.4916,107.3203,107.219,107.4515,107.7222,107.7447,106.8146,105.3692,104.7685,105.2377,104.9417,104.2166,106.7525,106.3174,106.6056,106.6095,107.0846,106.3928,107.7848,106.2424,107.0936,106.0786,107.8779,108.2665,107.6406,109.6316,0,0,0,0,0
108.5588,104.9172,109.0744,105.7304,107.3799,107.6286,107.1775,107.3827,105.7836,105.73,104.7743,105.2157,105.1994,103.942,106.3131,106.7723,107.1737,106.0307,107.2865,107.16,107.7546,106.3743,107.5086,107.1552,108.4489,108.6636,109.0016,108.513,0,0,0,0,0
108.1637,106.4254,108.5905,106.8241,106.453,107.0669,104.8731,107.2481,105.8167,106.3899,105.8587,104.0266,104.5437,104.5269,105.5088,106.8177,106.0173,106.6218,106.9496,107.0473,107.4761,107.9209,106.932,107.7942,108.2737,108.5519,108.2545,108.4636,0,0,0,0,0
103.901,108.6331,108.3707,106.2643,104.3663,107.4587,105.7386,106.9524,105.6977,106.6114,105.9217,103.7092,104.535,103.5654,105.6148,106.6965,105.9919,106.821,106.0449,105.9315,107.393,107.3339,107.045,106.4756,108.5947,108.1213,108.8707,108.0895,0,0,0,0,0
107.983,108.1403,107.4761,103.9293,107.7886,108.1097,106.0705,106.413,105.4745,105.688,106.3404,104.6806,105.1632,104.2354,106.1093,106.4978,106.5612,107.8094,107.5903,107.9678,107.5674,107.6441,107.8349,107.9605,106.3228,108.0895,106.349,108.1855,0,0,0,0,0
109.3151,104.1993,108.8215,104.8383,107.2037,107.6952,107.4416,106.8611,106.0992,105.7457,106.1655,105.6338,106.264,105.5414,106.2541,106.6013,107.0973,107.6319,106.0881,107.4263,107.9487,108.6449,105.4501,107.2078,108.4036,106.3808,107.8332,108.9645,0,0,0,0,0
109.7432,109.0285,109.2126,108.3738,108.2877,108.3663,107.9426,104.5104,106.7612,105.9608,105.9944,105.5981,105.8466,103.9976,105.293,106.797,107.2964,106.9694,105.2135,105.5488,106.2522,107.7338,108.4286,107.1939,104.8843,108.6265,108.3216,108.6941,0,0,0,0,0
109.8115,108.707,108.8339,107.7116,109.2209,108.5412,105.7259,107.8617,106.3397,106.1095,107.8587,105.3402,107.4071,105.0328,104.8547,106.7295,105.9154,107.3082,107.453,107.2529,108.2013,107.6744,107.7087,108.0521,105.0183,108.4267,107.8767,107.6576,0,0,0,0,0
108.9296,105.6559,109.3696,105.05,107.6586,107.549,108.4328,106.8537,106.4996,106.0221,105.05,105.4064,105.2827,105.1603,105.5143,107.2562,105.9405,105.8737,107.546,107.8612,108.633,108.1341,108.3943,107.4877,106.0741,108.6954,108.1518,108.7281,0,0,0,0,0
108.897,109.1654,109.5463,107.4744,108.0552,108.11,108.2251,106.7165,107.1281,106.7088,107.0782,105.5111,107.6331,104.6716,105.7821,107.4723,106.3462,108.3586,107.6972,107.8586,108.4554,107.9881,108.0514,108.6441,109.0205,109.0748,108.96,108.7969,0,0,0,0,0
109.212,109.5757,110.5024,108.7184,108.8843,108.8609,108.5704,107.2327,107.8221,106.5725,107.3398,106.2443,107.8378,103.904,108.6493,107.0946,105.2255,107.077,108.9037,108.1582,109.6772,107.8441,108.9912,106.9057,108.4849,109.0613,109.653,108.7609,0,0,0,0,0
109.5625,108.8799,109.2072,107.4684,108.8697,108.2427,108.3697,108.3151,106.6566,106.4296,107.517,106.362,106.9544,104.9224,105.3499,108.0663,106.6769,108.0324,108.1717,107.819,108.4368,108.5787,108.5133,105.4732,104.7581,108.7205,108.4809,108.1563,0,0,0,0,0
106.2977,108.8819,110.3264,106.565,108.6423,108.3845,108.4966,107.2023,107.211,106.0829,106.7213,105.8227,106.0985,105.0323,105.5096,107.1306,105.1817,108.5924,108.5213,107.6254,109.0856,109.1772,108.9127,108.6659,107.757,109.0432,108.1378,107.7934,0,0,0,0,0
