111.9581,108.596,111.6713,113.3405,112.0784,111.6951,110.9306,111.9413,0,0,0,0,0,0,110.2108,110.0482,110.4776,110.9604,111.6873,111.1479,111.7013,112.4347,112.8096,111.4196,111.7801,111.2804,112.742,112.8032,112.7511,112.086,114.4151,113.7642,113.2587
109.9016,110.3624,110.4475,110.7012,109.864,110.8888,110.5797,109.6254,0,0,0,0,0,0,108.4874,108.9507,109.5732,109.7998,110.5426,109.0665,110.0984,110.989,110.2692,108.7909,106.5359,109.9678,109.9725,111.3139,110.1728,111.5661,110.5153,110.9484,110.0565
109.2279,110.2964,110.46,106.4688,106.6095,110.096,107.5383,110.404,0,0,0,0,0,0,106.9276,109.2672,110.129,109.797,109.8516,109.0386,110.5159,110.636,109.8949,107.4227,106.2305,110.7974,108.9957,111.2507,109.9338,108.5315,107.4313,109.4747,109.9159
110.115,110.441,110.7217,109.4832,107.7859,109.6289,109.8107,109.7747,0,0,0,0,0,0,108.4332,109.1766,108.1103,110.1104,109.1844,108.6025,110.1332,110.0394,110.0615,109.8538,107.1066,108.8797,108.3517,109.9065,110.0708,108.0697,106.8128,109.3755,109.5884
109.2256,109.0349,110.2619,106.6996,109.6204,109.8835,109.7749,110.043,0,0,0,0,0,0,108.7599,108.4095,109.2992,108.8099,109.4075,109.2582,109.9832,109.5853,108.8218,108.0709,109.4093,108.9183,109.025,108.9704,110.1034,107.8696,107.15,109.9105,109.529
110.4799,109.4516,109.8798,107.8755,106.1906,109.2655,109.294,110.4315,0,0,0,0,0,0,108.4263,108.8515,108.0734,107.7225,109.3765,109.8104,110.7767,107.844,109.7566,108.8549,109.5642,109.6552,109.0216,109.6445,109.1104,107.6848,106.7744,110.1984,109.4038
109.478,109.2112,110.8229,105.4839,105.069,109.8895,109.4384,109.1739,0,0,0,0,0,0,107.6979,107.3819,108.8055,108.2567,107.393,106.796,109.8761,108.6422,109.575,108.2135,109.5629,110.0519,109.0182,109.6485,108.7601,107.9723,107.4959,109.7505,109.864
109.5521,109.2594,110.1204,108.032,105.4641,108.9059,107.6272,107.3498,0,0,0,0,0,0,107.7904,108.0324,107.3107,108.7325,106.8914,106.9567,108.7117,107.6194,109.174,107.7611,107.6594,110.3108,108.9207,108.2648,109.7999,106.397,109.6001,110.1214,107.9808
108.9388,109.6752,110.3939,107.4719,105.497,108.3801,106.997,107.8558,0,0,0,0,0,0,107.5127,107.7211,107.0669,107.0971,107.8471,107.1369,108.6441,108.0196,108.1224,107.4222,106.057,108.8275,108.7949,109.7048,109.1773,109.8693,109.4558,109.2318,109.5417
109.7939,108.8112,109.9842,109.9901,108.3962,108.8289,108.7631,109.1131,0,0,0,0,0,0,108.0423,108.5683,107.7824,108.5245,108.9433,108.9284,109.6436,109.126,110.2168,109.8125,109.1114,109.1777,109.3637,109.7034,110.5475,107.5238,109.3079,108.6421,109.9193
108.8093,109.3155,109.9414,109.7234,108.3941,108.7973,108.872,108.313,0,0,0,0,0,0,107.9999,106.711,107.9908,109.0877,108.5272,109.3254,110.0938,109.0799,110.8498,105.9825,108.9174,108.9109,108.7987,109.7332,110.0377,108.1755,109.5703,108.3481,109.8111
108.7543,108.5988,108.2613,107.8323,104.2241,108.9753,108.8022,106.493,0,0,0,0,0,0,107.0198,107.9455,107.8173,109.1366,108.8695,108.5461,109.9459,109.0153,110.5452,107.5815,108.9779,109.9233,109.1333,109.2065,109.7186,107.1169,110.2806,109.208,109.9418
108.8672,109.4993,110.2607,109.2576,108.4498,109.0795,108.0627,108.8321,0,0,0,0,0,0,107.9376,108.798,108.073,108.9486,108.7921,109.0879,109.7662,110.1371,110.7919,107.6073,109.464,110.1567,108.0822,109.8232,110.3918,107.6088,109.7392,110.4411,109.5929
108.7047,109.0726,108.776,108.0233,109.1445,109.3121,108.0243,110.4356,0,0,0,0,0,0,108.1321,109.1945,108.4109,108.3019,109.7071,108.8734,110.3421,109.3169,109.4356,108.1033,107.6957,109.4276,107.9623,110.2974,107.8768,107.0445,110.683,109.1265,108.9474
108.4049,109.3906,108.8679,108.5725,108.6642,109.8229,108.5063,108.3393,0,0,0,0,0,0,107.5233,108.8195,108.2675,109.201,109.3269,108.8811,109.5815,110.2342,109.9884,108.2758,109.3453,109.3643,108.1677,109.8841,109.3906,107.9541,110.8252,109.7318,107.2351
108.9928,108.5879,109.7066,107.2794,106.4046,109.8056,108.6299,109.0634,0,0,0,0,0,0,107.3029,108.8304,108.4224,108.6216,108.9602,108.529,110.3978,109.5225,109.3841,107.8364,107.9717,109.4852,108.3611,109.9807,108.6606,107.2594,110.8147,111.5516,108.6063
109.1016,108.8751,108.944,108.3982,106.5485,110.0733,109.3012,109.1742,0,0,0,0,0,0,107.2416,108.4866,109.2828,108.8664,109.1996,109.549,110.3927,109.8249,110.0883,107.9122,111.0452,110.3076,109.1508,108.994,110.469,110.7566,110.6422,109.7194,110.4132
108.9355,109.3788,109.6412,106.5932,109.1755,108.8869,110.0923,109.1711,0,0,0,0,0,0,107.6446,108.912,108.3106,107.9708,108.6338,109.1359,109.5046,110.0132,109.4153,109.5985,109.9441,110.6052,109.4225,109.6687,108.6822,110.4492,110.2249,110.1006,111.0528
108.6133,109.2411,109.9623,108.0389,108.1642,108.7166,108.582,108.7002,0,0,0,0,0,0,108.2388,109.4351,108.3711,108.6057,109.3416,109.1167,109.3661,108.6124,110.1535,109.0014,108.0403,109.6891,109.9259,109.3202,109.0711,108.0677,110.0125,109.5639,109.1955
108.9924,108.9455,109.9633,105.7576,106.8269,108.7517,109.2478,109.166,0,0,0,0,0,0,107.5424,108.6871,108.4424,108.7246,108.9192,108.6062,109.6488,109.8879,109.4457,107.7131,108.7706,109.6928,108.0109,110.0869,109.6447,110.9682,110.2586,111.3421,109.3833
109.0106,109.1296,109.6264,109.4989,108.7964,108.698,108.7357,109.2964,0,0,0,0,0,0,107.8009,108.2308,108.164,109.0588,108.6584,108.6335,110.0946,109.3594,109.1109,109.1241,110.2936,110.6104,108.0997,109.0895,109.3606,107.7079,110.8786,107.2225,109.1896
109.2402,108.7097,109.4762,107.3863,108.4718,108.8266,108.9838,108.9811,0,0,0,0,0,0,106.8513,107.9632,108.8229,108.9888,108.2069,109.4489,110.4952,109.3724,108.7535,105.882,104.0444,111.0283,107.0325,108.5478,107.7328,108.9559,110.2127,111.1849,109.1481
107.8384,107.5877,109.8263,108.4615,106.1482,108.0739,107.3297,108.8858,0,0,0,0,0,0,106.5002,107.7868,106.6872,108.3188,108.2867,108.5306,109.2024,107.9254,108.0269,106.9744,108.5228,108.2614,106.9888,108.8813,110.5041,108.7491,109.297,107.7494,108.2628
108.0359,108.0763,108.9843,108.4862,108.4044,108.5404,108.4825,109.0275,0,0,0,0,0,0,105.0936,108.285,108.3113,107.6093,108.3061,108.4223,108.5975,108.4115,107.839,106.8882,107.7393,108.4712,107.8432,110.0831,110.0496,106.9215,108.9161,109.2867,107.7232
109.2789,108.2044,109.7582,109.8779,108.5643,108.4562,106.5118,107.9354,0,0,0,0,0,0,106.7131,108.6523,107.5644,108.8724,108.6962,108.8018,109.8616,109.3592,109.4162,108.1207,105.392,109.1534,107.1681,108.7895,108.6338,109.2308,108.5519,108.75,108.7358
108.2658,108.6984,108.0151,106.0986,107.978,107.7452,106.8206,107.1378,0,0,0,0,0,0,107.0359,107.799,108.0951,108.7727,109.1334,108.4448,108.893,109.9306,109.169,108.0652,108.5308,107.4287,108.2344,107.9553,107.1707,111.0752,107.226,108.7857,107.3091
108.4823,109.0255,109.6324,108.196,108.3932,108.9849,107.1109,106.4623,0,0,0,0,0,0,106.335,108.2905,107.4323,109.5337,108.4399,108.6441,109.0693,109.9265,109.2256,107.2761,106.7825,107.5312,107.7207,108.8288,109.0783,107.5856,111.1263,109.6275,108.6692
109.0599,108.7534,109.4994,106.9609,105.3822,108.7712,106.6548,109.4577,0,0,0,0,0,0,106.2245,107.3564,107.7803,108.173,108.5783,108.8291,110.5034,109.636,109.8008,106.9971,108.12,110.2789,110.142,109.025,109.9385,107.2865,107.0441,108.905,109.64
109.1188,109.0948,109.6094,104.9495,105.3315,108.4333,106.7616,109.0524,0,0,0,0,0,0,106.4852,108.378,107.2333,107.8402,109.1481,108.819,109.4359,109.3007,108.948,106.1018,106.9851,109.0046,108.7248,107.9906,110.288,107.388,109.1883,108.1067,108.1569
109.0793,109.0836,108.9718,107.7201,105.1848,108.4681,106.4987,108.6674,0,0,0,0,0,0,105.6968,108.1209,106.9843,108.5937,109.1519,108.7949,109.6502,109.0065,109.1978,108.5905,105.6786,109.0092,107.2619,107.0722,108.1146,110.2018,106.751,108.9516,108.3333
109.1858,109.0527,107.3195,106.5807,107.871,109.3356,106.496,106.2825,0,0,0,0,0,0,106.4721,108.3935,107.5883,109.3289,109.3381,109.1869,110.0071,109.915,109.1942,109.0799,108.7399,109.0327,107.3079,109.4058,108.6932,107.0768,106.3137,109.2399,108.666
108.9889,109.201,107.7308,104.4582,108.9106,109.3333,106.8779,109.4586,0,0,0,0,0,0,106.5749,108.6701,108.0727,108.9314,109.1922,108.8263,110.1671,109.5235,109.6987,107.927,107.9804,109.0195,107.7761,109.1463,109.1205,110.1059,106.6074,108.8095,108.711
108.65,108.8368,107.4231,106.8064,104.9623,108.5603,106.5544,108.597,0,0,0,0,0,0,106.648,108.4059,108.2398,108.3718,108.0518,108.7193,109.2698,109.2677,109.2834,107.5245,106.1136,109.6427,108.0327,108.389,108.5785,106.3808,104.4994,109.8232,109.3391
108.6543,108.0821,107.5566,107.1335,105.1494,109.3622,106.4255,109.0197,0,0,0,0,0,0,106.5169,107.8159,107.928,108.0643,108.9093,106.9464,109.6559,109.6196,109.2399,108.8313,107.0514,109.3415,107.3403,109.5109,109.8481,107.1975,107.3411,109.0029,108.9835
108.9748,109.0999,107.0259,107.0852,105.3952,108.9595,107.0482,106.4279,0,0,0,0,0,0,105.3957,107.4373,107.7507,108.1995,108.4121,107.949,109.2686,109.4039,109.1253,106.1733,105.1526,107.4061,109.1383,108.7079,109.5539,107.4083,103.6873,110.1557,108.929
108.6289,108.2125,107.3462,107.7104,104.9562,109.3328,106.8306,108.3474,0,0,0,0,0,0,107.2572,108.3794,107.2387,107.1436,107.6092,108.3139,109.0924,106.9066,107.0615,108.0427,106.578,107.0603,109.2183,107.0292,108.7299,106.181,106.9149,108.6037,109.0811
107.8297,108.2328,107.6005,108.1149,108.2192,109.1503,106.8206,108.1243,0,0,0,0,0,0,106.8242,107.4206,107.0468,108.1536,108.5757,108.0653,109.0772,110.0497,108.6871,107.4382,108.2524,107.0845,106.6128,107.8776,108.5398,106.2301,108.5371,108.0541,108.4361
108.3377,108.5911,109.3985,106.7964,108.6738,108.5627,106.0844,108.9582,0,0,0,0,0,0,108.6294,107.6915,107.0361,108.4166,108.626,107.6472,108.2485,109.016,107.8371,107.0525,107.6933,107.9952,106.9607,108.1442,108.902,106.4802,106.4002,107.8112,109.3676
108.671,108.0726,109.2621,108.3098,108.3122,108.868,106.0617,109.2632,0,0,0,0,0,0,107.9422,107.4708,108.0225,108.6997,107.6802,108.0414,109.026,109.0481,108.7015,109.2466,107.3233,108.0204,108.1038,106.6713,108.5221,107.0723,106.1269,109.4856,109.9108
108.3719,107.9466,108.9505,106.8538,104.8166,109.0264,109.3163,106.5045,0,0,0,0,0,0,108.0731,108.4022,107.6637,108.3641,107.6492,108.235,109.0083,108.7951,108.1975,108.7465,107.8619,106.5809,106.2198,107.4133,108.3892,105.9887,106.9954,108.8518,109.2836
108.2245,108.9801,109.0659,106.7012,104.9101,108.743,108.2442,108.697,0,0,0,0,0,0,107.1807,107.7339,106.9419,107.7626,108.7279,107.6983,109.3443,109.3529,108.3737,107.097,105.294,107.4837,106.2101,106.6701,108.7331,107.8761,106.1947,109.4713,108.5441
108.1917,108.7882,109.9662,106.4411,108.1367,108.8422,108.1793,108.7554,0,0,0,0,0,0,107.411,107.8487,106.7216,108.4989,107.4853,107.0679,109.5797,108.7032,108.376,105.6152,106.1297,107.5762,106.466,108.0132,110.0815,107.8,106.3418,106.4767,108.408
108.4334,109.0998,109.6791,107.2024,106.3144,108.7267,109.2717,109.0508,0,0,0,0,0,0,107.873,107.8388,107.3767,107.752,109.9652,107.8928,110.5256,109.0564,108.2,107.7186,108.3203,108.0345,106.8136,109.0272,108.6243,108.0159,107.2332,108.9065,110.534
108.9095,108.8911,108.971,107.4447,105.3442,108.7322,108.5175,108.4626,0,0,0,0,0,0,108.0253,107.8854,107.7918,106.6893,108.2199,108.2523,109.227,109.626,109.056,105.7347,107.0002,108.9849,106.9726,108.3742,109.737,105.0418,107.3725,109.8441,109.1237
107.5481,107.7373,109.9245,107.8328,108.1846,108.6543,108.5938,108.1283,0,0,0,0,0,0,107.5013,107.3963,107.2144,106.461,107.4475,108.9228,108.9725,108.8401,107.3882,105.1468,107.7899,108.5026,107.2398,108.0846,107.7146,107.2716,106.4493,108.8118,108.2865
108.1514,108.7888,109.8423,109.883,105.06,108.9561,109.0676,108.3863,0,0,0,0,0,0,107.8009,105.3849,107.7078,107.5889,108.8835,106.1577,109.6623,108.8373,107.1796,105.5223,107.9845,107.0802,105.889,107.7502,109.1608,107.9793,106.8267,109.058,109.1521
108.471,108.8162,109.2675,107.3798,105.7247,109.1141,107.8942,107.9373,0,0,0,0,0,0,107.623,106.2594,107.4989,106.6479,108.1936,107.5064,109.2626,108.3662,106.0645,105.4568,106.6028,109.1986,105.4243,106.7344,107.3384,106.7432,106.5699,109.0831,109.2336
108.1583,108.659,108.9532,104.5399,105.7382,109.4424,108.6144,107.9583,0,0,0,0,0,0,107.839,107.3197,107.3879,107.4372,108.2561,108.1985,109.7023,108.8963,107.6876,104.1249,108.5723,108.3234,107.6982,107.1279,107.4799,107.1429,106.6756,108.827,106.8061
106.8512,106.0804,109.5239,106.9427,106.3777,109.1026,105.9454,107.9745,0,0,0,0,0,0,105.4443,105.9948,108.0923,107.9758,107.6857,108.2947,108.1495,109.018,106.9509,105.7258,105.4351,106.9705,106.061,108.4885,105.2099,108.6666,108.7019,110.0628,108.6029
108.2975,108.7288,108.6575,107.7088,103.3268,108.2718,108.2083,108.0844,0,0,0,0,0,0,106.997,106.2684,107.1048,108.3684,107.5272,107.5772,109.0179,108.3766,106.3789,108.03,107.013,107.0162,106.8227,107.8542,108.0005,107.2979,106.3574,108.6592,108.2159
108.1336,108.1084,108.2539,106.8179,104.4951,109.4099,108.0834,108.2444,0,0,0,0,0,0,107.5654,106.1036,107.2973,106.7141,108.0735,107.6769,108.0179,109.2336,107.9322,103.765,107.4049,108.4207,108.2447,108.0339,107.3772,107.0716,108.2393,108.3828,108.082
108.0255,107.3062,108.8188,107.0176,105.0605,108.7098,108.6243,108.26,0,0,0,0,0,0,107.3936,105.4737,106.1135,106.9239,107.5659,108.1019,109.4215,108.5649,108.2655,104.0656,107.4468,108.5835,106.5927,107.7106,107.2687,106.6677,106.8916,109.0857,109.1796
107.5874,108.3192,109.7433,107.6133,104.6917,107.68,107.9945,107.9195,0,0,0,0,0,0,107.1398,106.1531,106.8311,107.0142,107.8304,108.253,108.2869,107.6831,107.9628,104.7192,107.7697,108.5824,106.1678,108.5229,107.8935,106.4991,106.6938,108.9296,108.5917
107.8659,108.1837,107.0161,106.6582,104.6006,108.0331,107.9866,108.0009,0,0,0,0,0,0,107.3121,105.9041,107.174,106.2979,108.0625,108.1371,108.8761,107.7037,106.3916,108.6329,105.8113,106.8515,107.67,107.6618,106.993,106.4194,106.2792,107.905,105.9833
108.2008,107.4708,107.28,107.1507,104.0318,108.6654,107.8703,108.0012,0,0,0,0,0,0,106.9777,105.8031,107.1787,107.541,108.2384,108.0058,108.8683,107.623,107.5394,105.1766,107.0239,108.0295,105.7558,107.4714,107.2794,109.203,106.6527,109.2697,108.8394
108.1841,107.1063,107.153,106.7518,105.555,108.237,108.4468,107.9736,0,0,0,0,0,0,106.3642,105.9831,106.9147,106.333,108.5075,108.1137,107.8144,107.3977,107.8565,104.1384,107.2716,107.2163,105.2726,107.9205,107.8878,106.1042,106.2689,109.1243,108.4228
108.0404,107.4314,108.7954,103.5641,105.0158,108.3299,107.9718,108.7116,0,0,0,0,0,0,106.6334,105.6704,107.0421,106.3834,107.7926,108.0953,109.0038,108.4414,107.9515,106.204,107.1346,110.05,107.341,108.4452,107.8154,109.8645,108.2016,108.71,108.3954
108.1892,107.803,109.2622,107.3621,104.3881,108.5157,107.2484,107.9623,0,0,0,0,0,0,107.9624,107.1228,106.7706,106.3456,107.8791,107.6058,108.7751,108.1459,106.597,104.267,104.0145,106.9278,106.0819,108.4633,107.7977,106.3892,105.9891,108.5587,107.9499
107.8772,107.9021,109.1142,104.5086,104.8319,108.9465,107.2335,107.793,0,0,0,0,0,0,107.2893,107.1636,107.3833,106.169,107.817,107.8192,108.2503,108.4662,106.737,107.6532,103.5959,108.5986,106.2782,108.1332,107.7696,102.5298,106.7005,109.757,109.4233
106.9788,104.075,109.2437,105.7939,104.376,108.2747,107.0794,107.4361,0,0,0,0,0,0,107.3922,106.843,107.209,106.1963,107.5731,105.223,108.6757,106.834,107.5425,108.1233,107.0852,107.5723,107.6014,108.6185,107.3453,106.3956,107.0783,108.4246,108.5742
108.2554,107.7053,107.6156,107.1066,106.0421,108.5665,107.6555,107.6775,0,0,0,0,0,0,106.4326,106.5741,107.2011,106.2083,107.6515,105.4809,108.6291,107.2381,108.0074,104.6004,105.5499,107.1548,103.653,107.9497,108.9849,105.4825,105.5503,108.7186,110.1648
107.761,108.139,107.8957,104.9546,102.4353,108.7535,107.0194,108.3753,0,0,0,0,0,0,106.8909,106.8347,106.709,108.4932,106.5567,104.8494,108.3334,107.9576,104.4046,106.2587,106.8737,106.9613,106.8665,106.2973,107.2152,106.9356,105.9157,107.8492,107.9704
107.4298,108.5404,108.1213,107.8892,105.1696,108.6903,107.5186,107.9225,0,0,0,0,0,0,106.2932,106.8336,106.4716,107.0457,107.6878,105.1432,106.344,107.9097,107.1198,105.92,104.1747,106.4605,106.8414,106.6281,107.6564,106.8675,107.1965,108.7631,108.779
107.4345,107.8724,107.3434,107.115,105.4988,107.8534,107.7139,105.5764,0,0,0,0,0,0,106.7488,105.6051,107.0428,106.3127,106.3188,104.7212,108.9966,105.2782,106.6918,108.0386,106.4471,107.9311,106.7037,107.2195,109.2552,106.8469,107.6596,108.6856,108.6167
107.1213,107.7092,108.088,107.2926,102.2426,107.887,108.4454,108.9972,0,0,0,0,0,0,107.2619,106.6388,107.3459,106.4739,106.082,105.2032,107.8504,107.9985,106.7727,104.7776,105.8318,105.9878,107.4697,108.2576,108.162,107.0393,106.4497,108.3121,107.6502
107.999,107.9568,107.3083,108.597,108.1375,109.4993,107.4715,108.2261,0,0,0,0,0,0,106.5011,106.5467,106.5621,105.2867,106.6151,104.8981,108.4326,106.3909,107.094,104.72,108.4248,108.3734,106.5154,107.6429,107.5096,106.9578,106.1251,109.1056,109.0902
107.7421,107.6429,108.5825,104.7368,104.4504,108.7239,107.368,108.4118,0,0,0,0,0,0,106.3238,106.6464,107.3821,106.3439,105.7853,104.8744,108.0807,105.4808,108.2054,105.5632,107.798,107.2809,107.0025,106.3543,107.8384,106.7064,106.2899,108.905,108.2629
107.6548,107.6515,107.4184,106.8216,104.4282,108.446,108.0157,108.0323,0,0,0,0,0,0,106.1123,106.4861,106.9945,106.8431,106.2175,104.905,107.79,105.6774,107.1652,107.7588,104.0998,108.6552,106.122,108.4725,108.3763,106.3215,107.0255,109.4034,107.9256
104.4666,107.192,107.3229,105.5963,104.4218,107.9616,108.2137,108.0297,0,0,0,0,0,0,106.4725,106.8397,105.9466,106.3663,105.85,104.8293,107.9572,105.3419,107.2146,108.2134,106.4624,107.5654,106.6738,106.5513,108.0917,107.169,108.9033,108.9746,108.1447
107.0999,107.7162,106.9234,105.1381,104.4509,107.6699,108.0851,107.1867,0,0,0,0,0,0,105.9604,106.7635,106.565,106.4676,105.5047,105.2464,107.6426,105.7197,107.8763,106.9767,105.4634,108.9492,107.1179,106.1179,108.0313,107.7699,106.5805,108.6611,108.52
107.5105,107.6231,107.6217,105.9904,103.8811,106.4661,108.1308,108.0697,0,0,0,0,0,0,107.2068,106.7347,106.7682,106.6222,105.1689,104.1423,107.3517,106.3714,107.8906,103.0796,105.0112,108.4595,106.9592,107.3155,108.0805,106.6895,107.1859,109.0532,107.813
107.8636,107.4897,106.4241,105.4137,107.1161,106.1062,102.7776,104.8663,0,0,0,0,0,0,105.3139,106.7549,105.8698,106.7945,105.7301,104.6389,107.9988,107.4296,106.8436,106.8644,107.2003,106.47,105.5144,106.2546,107.5479,106.2542,107.9208,108.5949,107.8786
106.4783,105.8791,107.4198,105.5837,102.1278,105.2157,104.6022,107.5629,0,0,0,0,0,0,104.2578,107.7929,105.12,105.089,100.7734,103.5071,108.3731,106.3478,105.65,104.5766,101.9384,105.5329,106.0149,105.2249,106.743,105.5988,106.5191,109.1139,106.4844
98.8569,106.0533,103.6635,105.4365,104.8472,104.71,105.9492,106.9049,0,0,0,0,0,0,103.1469,106.1183,104.4552,103.8448,104.6212,104.1103,107.1799,104.5265,103.6582,101.8147,103.4107,105.9494,103.0932,104.4385,106.8849,104.7934,104.9873,106.6287,105.6359
106.5861,106.6554,106.2011,104.6609,107.5945,106.0939,107.3196,102.7599,0,0,0,0,0,0,105.5181,105.5885,105.8801,106.4339,105.7219,106.2548,106.7401,102.0033,107.1325,105.3891,105.5609,106.5533,105.7735,105.8065,107.326,105.854,106.9056,105.4233,107.5273
106.603,106.5736,106.045,105.4464,106.042,106.2395,106.9453,107.3156,0,0,0,0,0,0,103.8967,104.5621,103.3145,105.7976,105.9193,100.3153,108.2096,105.925,105.221,105.8452,104.8065,106.409,105.9002,104.0004,106.921,107.7595,106.0513,106.9809,107.6456
102.7637,106.8379,107.6589,104.3063,105.0707,106.5431,106.708,107.4696,0,0,0,0,0,0,105.6188,105.833,105.2524,105.7909,105.1717,105.3521,106.7518,105.249,107.0371,107.4329,104.0121,105.7811,105.2683,105.4297,106.7515,105.3841,106.165,108.6513,107.4273
107.5695,106.313,106.8478,105.9547,103.4231,105.9311,106.3416,106.9844,0,0,0,0,0,0,106.4934,106.8251,106.0406,105.688,105.5648,106.5972,106.3434,105.415,105.5152,107.2946,106.6273,106.587,105.9007,106.0495,106.6716,105.5463,104.5348,108.3097,108.0917
106.9029,107.6663,106.5436,106.7969,104.8618,106.1631,104.2236,105.8553,0,0,0,0,0,0,105.3377,105.5517,104.9732,105.9581,105.7691,105.2431,106.0906,107.9007,106.3187,101.797,106.4108,108.5816,106.3558,105.5271,107.244,106.0771,108.0117,108.0476,108.2245
107.1695,107.6826,106.1602,104.7418,103.02,106.7506,105.0656,106.2034,0,0,0,0,0,0,106.0693,104.1832,105.463,106.6083,104.8132,105.2263,106.1934,105.5587,105.9679,105.6027,103.3803,107.1288,106.1385,107.4469,106.585,105.813,106.6503,107.7099,107.7315
107.0374,106.529,106.5672,110.05,106.6078,105.4744,105.8878,105.8665,0,0,0,0,0,0,105.8273,105.2263,104.4513,105.2014,105.395,105.7159,105.7902,110.05,106.6106,103.2679,104.3169,108.1249,105.4879,107.2926,108.0168,105.4357,108.4498,108.0805,107.4511
106.8391,106.6803,106.9083,102.9167,103.2807,106.7535,105.1582,102.1639,0,0,0,0,0,0,105.6248,105.6803,104.4664,106.1003,106.5308,105.6037,106.6548,106.8693,105.7031,103.7677,106.2856,107.6471,105.8127,105.7508,106.6419,106.6297,105.1378,106.1393,107.0893
107.1348,106.8747,108.0228,106.7008,106.244,106.3821,106.9063,105.5259,0,0,0,0,0,0,105.5491,105.5526,105.3203,105.5144,104.0242,104.5149,106.1481,105.1461,105.7732,106.3734,105.0898,106.7174,105.9382,106.2931,109.1926,106.2144,105.6952,108.2518,107.5799
108.2198,106.9512,106.823,101.4308,106.9175,106.3001,105.5723,105.1396,0,0,0,0,0,0,104.2549,107.2094,105.2993,105.947,105.3327,105.0122,105.1604,106.0853,104.4275,106.6838,109.1266,107.222,106.0224,107.7674,107.4564,106.7168,105.0637,108.7278,107.2815
107.7712,107.0825,105.2932,105.749,107.1589,105.9323,104.9122,104.8871,0,0,0,0,0,0,105.7979,107.7158,104.9736,105.7057,105.1752,104.4112,106.4295,107.0779,108.3787,103.9018,107.0488,108.0504,105.1164,107.1301,106.3222,105.8005,105.6435,108.769,108.2303
108.2918,108.0821,108.3128,106.6458,107.2728,103.8969,105.5888,107.6678,0,0,0,0,0,0,106.5304,106.8789,106.1207,106.2123,105.6389,104.8659,106.401,108.1507,107.8792,106.0356,108.3639,107.3199,107.0026,106.0571,106.4718,106.6625,108.1398,107.8784,108.2508
107.182,107.3347,107.0117,107.7942,104.036,106.4023,100.6459,107.4906,0,0,0,0,0,0,106.6169,106.5435,105.7643,105.675,104.9208,104.7404,105.9987,106.2657,108.9997,107.3542,107.9027,106.416,105.602,106.5936,107.0331,106.7227,105.7974,108.2868,107.9198
107.709,107.9477,107.0757,106.28,106.6152,106.9577,106.6541,106.1167,0,0,0,0,0,0,106.0868,105.6967,105.3829,108.1374,105.0879,104.9921,104.9167,105.9627,107.1061,107.3167,106.8714,106.9871,105.8451,105.9202,107.8595,106.0927,106.4061,108.2784,108.2529
107.5374,103.2707,108.3816,106.8091,104.1985,106.947,106.8742,107.6722,0,0,0,0,0,0,106.9898,105.4937,106.3214,108.3091,105.8004,105.2824,108.0144,105.8966,104.7816,104.0763,106.2615,106.9992,105.8877,107.4826,107.7859,104.2827,108.7414,107.9277,108.4094
107.9544,108.309,107.7336,106.3837,107.3639,106.6637,105.8829,106.3601,0,0,0,0,0,0,107.2895,105.3726,105.3407,107.2838,105.3005,104.9548,109.3861,106.6291,104.2798,104.7797,107.5612,106.7593,106.5117,107.5632,107.4999,108.3334,105.5518,108.612,107.9475
107.5745,107.867,107.5042,106.953,103.7361,106.1934,105.2103,108.1234,0,0,0,0,0,0,105.1195,107.4307,105.1396,102.8463,106.7731,104.6856,106.2125,105.3299,106.7323,106.6039,104.4939,108.9304,106.5046,107.4319,107.2774,106.2513,106.586,108.9775,108.264
107.8639,107.3807,106.5684,106.8385,103.9022,106.582,105.604,106.741,0,0,0,0,0,0,105.2474,105.0823,104.6191,105.2025,104.2687,105.666,106.2154,106.7682,106.0555,104.2587,107.5732,106.2752,106.9352,105.8273,108.0985,105.6404,107.1072,108.9888,108.3597
106.779,107.5842,107.8828,107.6335,106.6151,107.036,103.9596,104.5979,0,0,0,0,0,0,104.7551,105.5673,105.2823,106.0585,105.0773,104.2483,105.9185,106.2853,107.8114,108.0924,105.9742,106.5386,107.1364,106.856,107.516,105.6653,106.4087,107.4754,108.1439
107.5151,107.4838,107.027,106.4672,104.4198,106.7096,103.8629,105.902,0,0,0,0,0,0,105.7469,105.7465,106.7219,106.08,104.7047,105.9897,105.8148,106.4239,106.7258,103.5678,104.038,106.4444,106.2505,107.1258,107.2735,106.3314,106.386,108.8715,107.3999
106.8039,107.095,106.6128,105.7895,103.99,106.5365,105.6476,105.6691,0,0,0,0,0,0,104.3894,105.7821,104.5176,105.9881,105.4008,102.8094,106.4236,106.077,106.1134,106.6124,104.2278,106.0504,107.886,107.0151,107.8095,105.5765,106.2121,108.5857,107.3295
107.5567,107.3952,107.0695,108.2435,104.2184,106.8,105.752,105.2299,0,0,0,0,0,0,106.1312,100.6332,105.5613,106.3109,105.6774,100.2792,106.3731,105.6196,105.6457,105.4933,104.5933,105.8427,106.9754,107.52,108.1456,107.4868,106.3811,107.9129,107.543
108.1101,106.7656,106.9771,107.9535,104.6382,106.5675,105.7369,105.687,0,0,0,0,0,0,105.0974,102.2238,105.2835,105.0112,99.8995,105.7078,106.3245,105.7599,106.0918,106.3159,104.0596,106.4798,106.8108,107.7032,107.1414,105.6875,106.2924,108.2396,108.0945
108.1577,106.8722,107.9452,105.913,104.5064,108.4508,102.8125,104.9727,0,0,0,0,0,0,105.0869,105.3345,105.0478,105.6282,105.6017,104.2527,106.269,105.5657,105.8344,104.1869,103.2703,106.9758,107.452,105.5764,107.7049,105.8398,105.5481,107.472,106.9075
104.4126,106.0559,108.9648,107.7885,107.6093,108.1598,103.68,105.8953,0,0,0,0,0,0,104.6804,104.1348,106.0564,105.9615,106.9559,104.0597,106.9339,105.5657,105.8344,104.1869,105.4549,105.5063,106.1657,108.018,107.7049,105.8398,105.5481,107.472,106.9075
107.7251,108.535,108.0083,107.5474,107.2379,107.3324,107.652,105.2956,0,0,0,0,0,0,105.3879,106.5755,105.7149,106.8136,106.9149,106.5541,107.7755,0,0,0,107.0785,107.2594,107.6349,107.7426,0,0,0,0,0
105.8016,107.6718,107.8535,107.3198,107.4758,108.0262,106.7661,106.9741,108.8679,109.3973,108.4667,107.3524,108.1662,104.8359,106.4477,106.7628,105.0729,106.7116,107.5083,104.2345,108.2287,0,0,0,107.1522,107.9306,107.7099,107.0298,0,0,0,0,0
108.1291,107.1943,107.9663,107.0692,107.4693,108.2999,107.6484,106.5552,106.7378,106.5225,108.328,107.0342,105.9596,105.2018,106.2112,106.1102,106.1194,106.512,107.2401,107.2023,108.1208,0,0,0,107.4036,107.484,107.4428,107.196,0,0,0,0,0
107.3625,106.8348,107.9676,107.334,107.707,108.0168,105.4407,107.5443,106.7611,106.8417,106.7903,104.8083,106.1955,104.3358,107.161,106.767,106.1371,104.2084,106.2974,106.4817,107.2767,0,0,0,106.585,107.2888,107.1104,107.9471,0,0,0,0,0
107.6121,107.1627,108.0277,106.5154,107.6975,107.4972,108.7305,103.8851,106.6716,107.5179,106.0921,103.0523,104.5339,102.4759,107.3219,107.5644,106.5693,106.9965,105.7048,105.9526,107.3582,0,0,0,108.3683,107.5019,107.4595,108.0414,0,0,0,0,0
107.6028,107.1489,107.4848,107.3354,106.767,107.6078,109.0658,105.2064,107.4313,106.7496,107.0092,105.9435,105.6715,105.0934,106.5359,106.8373,106.4299,107.2421,107.389,107.3065,107.3758,0,0,0,107.6562,108.426,108.137,107.976,0,0,0,0,0
106.7392,107.4339,108.5765,106.2807,107.3648,107.9192,108.5303,104.9012,103.7485,108.4779,106.7188,107.4746,107.006,105.4118,106.4226,105.5713,106.0256,106.7396,107.5365,106.435,107.8377,0,0,0,107.8582,107.0353,108.6945,107.2546,0,0,0,0,0
106.8928,106.158,108.4136,107.4162,105.7115,108.4827,108.6155,106.976,106.602,106.3624,106.0098,104.7437,107.8506,105.3793,107.056,107.473,106.4518,107.7258,107.4184,106.0793,108.023,0,0,0,107.584,107.8119,107.2579,107.9141,0,0,0,0,0
107.1077,108.1222,107.731,108.0112,108.3493,106.6378,108.1525,107.3547,105.3845,104.7991,106.2624,107.4254,106.1526,104.6931,105.1955,106.8948,106.7725,106.9994,107.4642,107.0278,108.8136,0,0,0,106.3833,106.4515,107.0907,108.9279,0,0,0,0,0
107.9486,107.5798,108.0634,108.1476,107.4852,108.6116,108.1378,106.4915,107.2113,107.9822,107.6654,107.0865,106.3145,105.8605,106.1894,106.1501,105.9414,107.0711,106.9482,106.7475,105.3258,0,0,0,107.868,107.7983,105.7819,108.316,0,0,0,0,0
104.0638,107.8142,108.4027,108.5572,107.9332,108.6947,108.9228,107.7798,107.8132,107.5976,106.6109,104.8911,106.7818,105.2675,106.3891,107.2658,106.351,107.5453,107.63,107.5256,107.5611,0,0,0,107.8939,108.9101,107.9115,107.4654,0,0,0,0,0
108.1928,107.4624,109.4465,108.5331,107.7433,108.6184,108.8991,108.0561,107.8779,106.8638,107.39,107.2598,106.1498,107.149,106.7418,107.0648,106.5997,107.3847,107.7227,107.4604,107.7591,0,0,0,106.7255,108.0114,107.3817,107.7371,0,0,0,0,0
105.4984,107.9915,109.5456,106.2837,107.5739,108.5399,107.1978,108.3014,108.3007,107.396,107.0381,104.9075,106.7631,106.1639,105.9826,106.1962,105.0625,107.3015,107.8701,106.6589,108.3977,0,0,0,106.9268,107.9265,108.1871,107.9747,0,0,0,0,0
107.3644,108.6363,108.8754,108.5176,108.3465,107.4922,108.4987,108.6162,107.5946,108.5634,106.7509,105.8925,106.9925,105.5302,106.6389,106.5211,107.13,106.5565,107.2517,107.144,108.0718,0,0,0,107.4317,107.9905,108.1342,107.8021,0,0,0,0,0
107.7479,108.5743,108.3191,108.1141,107.8658,107.6003,108.83,108.167,107.4362,107.3715,107.293,106.3256,106.6443,105.5591,107.0515,106.9782,106.1433,106.9582,107.2011,107.4596,106.9563,0,0,0,107.7312,108.1971,107.6728,107.6962,0,0,0,0,0
107.2989,108.0355,108.6481,108.5079,108.269,108.2739,108.3921,108.6817,107.5143,107.1144,108.0281,106.5748,106.3506,105.7143,106.849,107.0673,106.2018,107.2989,107.4973,106.142,107.8176,0,0,0,108.5198,108.5457,108.267,107.5432,0,0,0,0,0
108.1977,108.4817,107.1054,108.7717,107.9535,108.7095,109.3902,107.6621,106.7616,107.063,106.8082,106.9386,107.3471,106.7781,106.7033,106.7583,106.6768,107.4702,106.8664,106.9403,108.5196,0,0,0,108.1867,108.8725,108.3471,108.3357,0,0,0,0,0
107.9129,108.1283,107.0213,107.7341,108.2014,108.8587,108.964,105.9036,107.953,107.2798,107.8796,105.9842,107.0163,105.2075,106.9456,107.4716,106.6875,107.1089,107.1102,107.0214,106.5534,0,0,0,107.457,108.0427,108.4008,107.3895,0,0,0,0,0
108.0795,107.9591,107.2345,107.6421,107.5864,108.7035,108.7752,108.0124,107.336,107.2357,107.647,105.651,105.3341,105.504,106.9851,107.0631,107.3136,107.1022,107.2249,106.405,107.4722,0,0,0,107.2372,108.0198,108.0708,107.0011,0,0,0,0,0
105.1668,107.5951,106.9083,107.6359,107.5276,108.2121,108.8246,107.7787,107.4948,106.6838,108.1427,104.8868,106.8085,105.333,106.3303,106.3473,106.6584,107.9275,106.5502,107.3656,107.8609,0,0,0,107.6921,107.5189,107.1802,108.5089,0,0,0,0,0
108.079,108.1634,109.0165,108.2179,107.8571,108.7148,108.773,107.6854,107.432,106.677,107.4645,108.0052,105.3604,105.6603,107.0226,106.4232,106.0363,106.2429,106.8195,106.8935,107.7902,0,0,0,106.7748,107.2962,106.178,108.4256,0,0,0,0,0
107.9449,107.1311,108.018,106.5986,108.1124,109.1883,108.4509,107.6601,108.1679,107.0597,108.0823,105.2857,106.1543,105.2363,107.6193,107.5911,106.6597,107.9816,106.6061,107.2982,108.148,0,0,0,106.7737,108.0949,107.0835,107.7291,0,0,0,0,0
102.1162,108.247,107.2194,107.763,108.1414,109.2366,108.6944,107.3269,106.9256,106.8028,106.956,105.8855,106.2575,105.6352,106.6506,106.5158,106.7901,107.5086,108.0789,106.4749,108.4967,0,0,0,107.0297,107.3096,106.9325,107.9091,0,0,0,0,0
103.4732,106.8212,106.5644,107.7488,107.8838,107.9188,107.3742,107.0233,106.6568,105.6582,106.066,103.9742,104.1269,103.7086,105.3147,107.1388,106.1495,105.5794,106.6328,106.1104,106.6886,0,0,0,107.0359,107.1411,106.961,107.7697,0,0,0,0,0
107.3683,106.4876,106.4829,106.485,106.3072,107.2227,107.1356,106.487,106.8048,105.9286,106.074,104.7498,103.7693,105.8152,105.4261,106.196,105.3236,106.474,105.9751,106.6304,106.7096,0,0,0,105.9627,104.4886,105.1425,106.3237,0,0,0,0,0
108.1221,103.6488,106.1924,104.3205,108.2305,109.4428,108.9458,106.644,106.6729,106.2795,107.2281,105.1416,106.815,105.95,106.783,104.2377,106.8752,106.3721,106.4335,106.6973,107.5165,107.483,111.1788,110.1292,106.5602,107.6269,106.3075,107.551,0,0,0,0,0
108.848,106.6583,107.6781,104.869,105.879,109.0251,107.7474,107.6631,107.8693,106.1693,107.8778,105.3792,104.3742,106.5194,105.3448,106.9076,106.4855,107.4872,106.9288,105.1604,105.8171,107.6055,107.7615,109.5832,108.2219,107.8451,106.6619,106.6412,0,0,0,0,0
108.3089,107.586,107.4044,107.8662,106.571,109.2187,108.7622,107.7292,106.8258,106.5866,108.2816,105.7884,106.2825,105.7203,107.4885,107.6117,106.3775,107.047,108.0623,103.5931,107.9409,107.5575,108.0209,107.9186,107.4316,108.2439,106.7524,108.0033,0,0,0,0,0
108.6771,108.3915,107.8614,109.068,109.2849,108.7735,108.8866,107.6077,106.764,107.8078,107.7681,106.119,106.8386,106.6851,106.4945,107.4034,106.4777,107.9802,107.8789,108.2522,108.6905,108.2021,108.6277,105.3457,107.9568,108.1308,106.0438,107.9884,0,0,0,0,0
108.2364,107.9928,109.1073,106.5003,108.2721,109.0689,109.3732,107.4147,107.784,106.8502,107.1754,106.1882,106.8152,106.1548,107.3738,107.1456,106.9082,107.6476,108.2796,107.8184,109.9421,107.7745,107.9883,106.4775,108.4266,107.993,107.7796,108.0021,0,0,0,0,0
108.3328,108.2924,107.5606,108.5676,107.7431,109.0207,109.4354,108.4696,107.4302,106.9127,109.7813,106.3886,106.663,105.8003,107.6041,107.307,106.9653,107.432,108.3783,107.7342,107.9696,107.4481,108.3986,107.9997,108.0022,107.8484,107.1092,107.9184,0,0,0,0,0
108.8726,108.2327,108.5291,107.7551,108.135,109.0272,109.0608,107.1277,108.0259,106.7478,108.0181,106.2407,106.3446,105.175,107.8409,109.1731,107.0338,106.8876,106.0124,107.6866,108.6746,108.9435,108.2496,107.7412,108.2541,108.7592,106.8128,107.4304,0,0,0,0,0
108.4231,108.5503,110.0597,106.5634,107.9996,109.5795,110.051,109.1103,107.8957,108.2222,108.0768,105.6541,107.0085,105.9794,107.4817,107.421,107.1356,107.3443,108.1116,108.1534,106.8532,108.4693,106.9278,107.1341,108.0039,108.4643,107.8881,108.0069,0,0,0,0,0
109.1615,108.5344,108.2987,106.6022,108.1458,109.6585,109.1037,108.2718,107.828,107.0723,108.3489,106.4758,107.0853,106.1225,106.943,106.6575,106.9181,107.9507,107.5774,105.18,108.7864,107.969,108.1413,108.0528,108.2944,108.1847,105.9176,108.1956,0,0,0,0,0
108.4596,106.7614,108.9936,108.29,108.5845,109.1457,108.5947,108.0287,107.0802,107.2424,107.9469,107.1452,105.6091,105.4143,107.4191,107.3105,107.2035,108.465,105.637,106.9663,108.691,108.2817,108.6433,107.4398,108.3652,106.396,107.5974,108.0804,0,0,0,0,0
108.5408,108.461,108.7603,109.3276,108.5986,108.5498,109.022,108.0064,108.219,107.0405,107.4843,106.43,106.5688,106.1672,107.2089,108.2467,107.735,109.3109,108.7488,104.9177,109.1309,108.4534,108.968,108.0807,109.0067,108.3224,108.0117,108.9295,0,0,0,0,0
105.7411,109.439,108.2038,108.5067,107.7988,109.4719,109.0182,108.6906,106.6229,106.3098,107.6755,106.114,107.1186,105.8566,107.9159,107.5341,107.2751,108.511,108.4289,107.5987,108.8501,108.3665,108.0524,107.2314,107.3683,109.1841,108.4867,108.6065,0,0,0,0,0
108.4845,105.459,109.5964,107.4736,108.1589,109.4756,109.0312,108.6178,107.4077,107.2569,107.1252,105.3964,106.5249,105.4856,106.9102,107.7938,106.8081,106.4305,108.2932,107.3532,108.5287,106.6386,108.5149,108.0455,108.1999,108.7847,108.3145,108.6471,0,0,0,0,0
108.4883,106.3623,109.1761,108.5377,107.8732,108.0467,106.824,108.2365,106.9584,107.5825,109.0007,106.0238,104.585,110.05,107.4723,107.9754,106.3142,107.9014,108.4601,107.6074,108.7933,108.7499,107.7448,107.656,108.0706,109.3901,108.2803,108.5029,0,0,0,0,0
105.0861,108.382,109.4504,108.1224,107.2564,109.2413,106.3487,107.8358,107.3606,107.0476,107.9564,105.0245,106.1418,105.1185,107.6633,108.5259,108.1367,107.5586,107.5713,108.1908,107.6286,108.4667,108.3088,106.3937,108.19,108.4481,108.4759,107.8178,0,0,0,0,0
107.5986,108.6859,108.6401,105.6171,108.5416,108.7734,106.8726,108.1928,107.3242,106.9525,107.5495,105.31,106.3663,106.376,107.0749,108.0855,107.6694,107.961,107.6857,107.8613,108.2202,108.3568,108.3095,107.6723,106.9988,108.4473,105.9617,108.4084,0,0,0,0,0
108.5912,105.031,109.4711,106.5775,107.6984,108.6324,107.9651,107.5959,107.9121,107.0954,108.4052,106.0638,106.5437,106.6362,107.4047,107.548,107.9119,108.7278,105.8748,107.4786,108.6685,107.5444,106.7946,107.1692,108.2846,106.496,108.0458,108.3943,0,0,0,0,0
108.791,110.0083,109.9057,108.8228,108.5416,107.5615,108.0011,105.5473,106.963,106.9487,107.758,105.6804,105.9327,105.7614,106.5485,107.8366,107.3474,108.9036,105.8114,106.432,106.9968,108.109,108.8656,107.292,104.3242,108.0645,107.0793,108.1912,0,0,0,0,0
108.797,108.5079,109.7488,106.5757,108.0227,109.0148,107.3034,108.0419,107.8858,106.0659,107.5548,105.9356,107.344,106.1942,105.1162,107.0091,108.1791,107.8481,107.5651,107.3826,108.4261,108.4549,108.0704,108.0135,104.3866,108.2506,107.7852,106.1593,0,0,0,0,0
108.5878,105.0014,108.7846,108.1446,108.4494,108.021,108.835,107.7484,107.5733,110.05,107.6309,106.1975,107.1388,105.4507,105.4581,107.5416,107.2631,106.8381,108.2191,108.5884,108.2515,107.8426,108.2244,106.9929,105.3185,108.7821,107.654,108.467,0,0,0,0,0
108.7712,108.522,109.7217,107.2567,108.6526,108.7273,109.3512,107.1091,107.5013,106.8962,107.8718,105.7576,107.8828,106.5748,105.8002,107.2681,107.2497,108.151,107.6201,107.1942,109.1504,108.4466,108.3938,107.4901,108.6568,109.5772,108.9885,108.756,0,0,0,0,0
108.6429,108.9023,109.6233,108.604,107.947,108.4194,109.2575,107.9838,108.5386,107.0157,108.3243,106.1859,107.3759,105.9883,107.5937,108.8578,106.9653,106.9837,108.1331,108.4212,108.6712,107.9779,108.2781,106.3942,108.3866,109.1307,108.9234,108.7956,0,0,0,0,0
109.1331,108.388,109.5102,107.6686,108.4898,108.8852,109.2224,108.0886,107.4256,108.3664,108.1273,106.4544,107.9102,105.9778,105.7962,107.9955,107.2312,107.8597,107.3827,107.9772,108.5178,108.1891,108.6869,104.3767,104.8677,108.3225,107.6609,108.4693,0,0,0,0,0
104.9545,108.2271,109.5257,106.5687,107.2723,109.3635,109.0583,107.2932,107.3223,107.0328,107.7786,106.2461,106.5485,105.9664,105.5311,106.7679,105.7011,108.2764,107.8946,107.482,108.1005,107.7739,108.9559,108.2257,107.2497,108.8836,107.2229,107.6507,0,0,0,0,0
